candle_rep,price_close,volatility_up,RSI,SMA_20,SMA_8,day,volatility
0.06651657797790755,4106.97,0.8047774983919007,66.8845,3979.0615,4019.8675,7,2.1441241252948173
-0.07402014614109027,4103.95,0.22230392574610872,66.4384,3990.6785,4032.11,1,0.8168999681031541
1.0267060578582698,4144.56,0.3446729263560081,69.3943,4003.77,4051.1575,2,2.235255116467269
17.1973246729432,4857.29,0.9820148918818449,88.5141,4053.3345,4166.3038,3,18.275852084911712
1.5525437547223966,4932.6,7.049549224963403,89.2764,4106.1085,4289.31,4,10.736866377473401
-0.6878739161373698,4898.66,2.1589063757579643,86.4904,4154.8535,4396.8863,5,5.313233007405844
2.170194176342811,5004.95,0.47502980419055973,87.7768,4204.802,4519.0288,6,3.013081181715749
0.7778283942329267,5043.89,3.2190067453086475,88.2194,4257.9395,4636.6088,7,5.522721460311368
2.5426065088346794,5170.27,1.2639649985025905,89.5429,4317.0625,4769.5212,1,4.125289811525822
1.2887141290493378,5236.9,1.3171459130761132,90.1699,4378.131,4911.14,2,5.1447990143648195
-1.687162825148235,5150.0,0.0003817974259127261,83.166,4433.479,5036.82,3,3.087213986003294
3.0728155339805827,5308.25,2.20873786407767,85.3913,4499.8595,5093.19,4,5.572815533980583
-5.472827090390473,5017.37,0.4674200148459154,67.6809,4551.3815,5103.7863,5,7.642816502319204
0.610678502880998,5048.01,0.649144870719116,68.4238,4603.4815,5122.455,6,4.372011631591843
-0.03526847632256282,5045.22,1.0303150386368138,68.2699,4656.1335,5127.4888,7,1.8823063205864872
1.6612348809795119,5131.3,0.4297219388007727,70.4762,4715.8925,5138.415,1,3.03103547335783
-2.0721925133689827,5024.95,0.7035281645125654,64.5083,4769.7125,5120.25,2,4.236369872624376
2.9606264738952714,5173.72,0.47761669270340995,68.5237,4826.496,5112.3525,3,3.8563567796694627
0.5624579606163351,5202.82,0.5330787131889612,69.2563,4885.2465,5118.955,4,1.615858608506055
1.0770008515284213,5258.44,0.5489763398117488,70.662,4943.006,5112.7288,5,1.6953681082421381
0.004564091251410898,5258.68,1.1661253147321204,70.6682,5000.5915,5142.8925,6,2.757471797719476
0.6284847147953341,5291.73,0.792784501053506,71.564,5059.9805,5173.3575,7,1.9647516106703529
-0.6947029138980169,5256.14,0.4050701787863483,69.1161,5115.5595,5199.7225,1,2.8216992164990593
1.8969416499759477,5357.14,0.8152303130248482,72.0391,5140.552,5227.9525,2,3.6453310660572344
2.541841355648724,5493.31,1.9915477288254477,75.4172,5168.5875,5286.4975,3,4.995015997341868
-1.3824666585320076,5415.0,1.662565949906299,70.167,5194.4045,5316.6575,4,4.532035673504018
-3.6029547553093324,5219.9,1.4190212373037885,59.1239,5205.152,5318.7925,5,7.199261311172671
1.793516675701615,5314.1,3.752535691230859,62.216,5218.6625,5325.75,6,6.673345503374219
-0.3633113828786529,5295.69,0.517403574788335,61.2409,5224.9335,5330.3763,7,1.5960489181561603
0.2233892089605101,5307.52,0.6133289524122365,61.6568,5228.4645,5332.35,1,1.5204817502535164
-1.3497658108293906,5238.14,0.4179057254402624,57.7441,5232.8715,5330.1,2,2.885225648375362
1.5782319678359125,5320.81,0.36596959989613037,60.9259,5233.4995,5325.5588,3,2.822184974055675
1.1510840032018441,5383.2,0.3532546402251845,63.1793,5251.791,5311.795,4,1.6121940495383298
2.0372640808441087,5492.87,0.8383489374349848,66.8034,5274.034,5321.5288,5,3.120820329915292
5.057135733537632,5772.69,1.2977700775823076,73.8702,5310.4075,5390.6275,6,6.668656423061038
1.019474510537861,5829.45,1.2225722712637495,75.0313,5345.315,5455.0463,7,5.416229105364765
-0.9298727407145669,5775.62,0.1727323095184544,71.7739,5382.8485,5515.0375,1,2.4683395570711264
-0.4397922808573494,5747.79,0.5511693728586274,70.08,5411.552,5570.0713,2,3.219369567552019
1.6768928959011615,5846.34,3.1664788379664364,72.5505,5443.728,5646.0963,3,4.881285304839025
2.4109100736529148,5987.29,0.46918242866477644,75.6477,5480.1705,5729.4063,4,4.148236332474683
3.7169306424617474,6209.18,0.25673747966311583,79.558,5527.6955,5832.6538,5,4.022944346263194
2.6309390574803357,6373.33,1.539303859129303,81.8764,5581.7755,5942.7113,6,4.78135894813968
10.996743611140747,7076.22,4.2002083084973485,88.1001,5672.7795,6105.6525,7,15.233186304343727
-1.5393768441997357,6967.31,6.296281641097531,83.3254,5753.288,6247.885,1,10.90663968435214
11.803123887810987,7790.71,4.438566983915593,88.4306,5868.158,6499.7713,2,17.651516021262186
1.9490431806578632,7947.56,5.367629515035361,89.1143,5994.786,6774.7425,3,9.831674709644641
2.8269685321814473,8169.87,0.9959397175171123,90.015,6142.2845,7065.1838,4,5.0218620913601315
-3.7028649492966137,7866.59,1.84745405847415,80.2589,6269.909,7300.0963,5,7.528387529562693
-6.524736708999105,7355.26,0.7158770160649758,67.0619,6372.8875,7443.3563,6,12.861131550821167
-1.3300649329461276,7257.45,1.3965477860802071,64.8647,6470.384,7553.8713,7,4.097600635189964
12.279464044578438,8148.48,1.7445833999327656,73.411,6615.901,7687.9038,1,14.220263127435476
-2.5747612279913694,7938.15,0.09928890001644766,69.1361,6746.768,7809.2588,2,7.401011789482983
-0.4068205756215065,7904.87,1.3249071456289132,68.4568,6872.8515,7823.5288,3,3.4183511482696542
-3.4923233406878036,7628.43,1.4108454952128469,62.926,6979.6295,7783.6375,4,6.9707305224379095
2.9328246676630227,7851.51,1.1729463279058094,65.3583,7083.5705,7743.8425,5,6.292508980308864
1.463958369161588,7964.87,2.103580277581387,66.5589,7190.3415,7756.1275,6,4.6369722100140764
0.7645156268048723,8025.41,0.8335718913380885,67.2125,7302.831,7839.8963,7,2.3034658711384997
7.371681415929207,8614.43,1.5651252648635137,72.7853,7446.163,8009.5188,1,11.299763180855042
1.6694262087607004,8756.32,1.7648684360246802,73.9346,7591.662,8085.4988,2,3.7076170328381597
-0.42136436134965716,8715.64,0.5252201651638538,72.983,7728.0795,8182.685,3,3.288881373592983
-0.8166922301238919,8645.68,0.3800676160135369,71.2837,7849.9045,8275.2863,4,3.9394874536387445
-4.359683108772326,8269.54,4.947204071011394,62.8154,7944.715,8355.425,5,12.366391025270342
3.4824787410337317,8555.0,0.4717494647457996,66.1062,8018.654,8443.3613,6,5.872676029079121
-0.1277615429573383,8544.07,0.8299240210403273,65.8659,8097.492,8515.7613,7,2.1465809468147214
2.116768674444994,8725.98,1.0391920515851316,67.9543,8144.2555,8603.3325,1,3.402885864413531
-6.9926655970662415,8115.82,0.8589273435709458,55.6545,8152.6685,8541.0063,2,8.252922301168928
-5.281517461303211,7687.03,0.0,48.9494,8128.5265,8407.345,3,7.819943171596634
1.1637769544584136,7776.5,1.5636708017650465,50.295,8124.022,8289.9525,4,4.213845641495297
0.11082426511426845,7786.7,1.0469164626745968,50.4553,8145.594,8182.58,5,5.445431263242345
2.4777947421339395,7980.53,1.534111410876567,53.5234,8181.748,8146.4538,6,4.654982234509612
-1.069314971662899,7893.62,0.8235429768866546,51.9694,8169.005,8063.7813,7,3.680313425091549
-3.383667203696381,7628.13,0.5030853877253277,47.4383,8153.504,7949.2888,1,5.425266741648176
4.656528881413088,7982.75,0.4883599888299944,53.2958,8157.398,7856.385,2,6.673160652737373
-1.2041097606816233,7884.9,0.36336298709434905,51.5875,8170.2215,7827.52,3,3.9815812554817747
3.078542530659878,8127.64,0.9177034585092985,55.4062,8184.028,7882.5963,4,5.212621593171762
1.1184058349041117,8218.54,1.123081238834383,56.781,8196.7115,7937.8513,5,3.688524590163934
5.276737857271512,8650.0,0.4187945144125662,62.6646,8227.941,8045.7638,6,6.573284780269802
1.824323074646759,8808.7,0.650685248205952,64.575,8237.6545,8149.285,7,3.4373381667529843
1.6180197644473693,8953.33,4.309157996406672,66.2688,8247.505,8281.7488,1,6.503404356259441
4.031721210767331,9313.96,1.452474031051054,70.107,8277.421,8492.4775,2,5.517703563051491
-2.4761252259150157,9081.55,0.26019825754152254,64.9758,8299.2145,8629.8275,3,4.148997060822826
1.9105986916935471,9255.49,0.5341352151570664,66.9268,8348.512,8801.1513,4,3.787724469470831
2.845978283422096,9517.12,0.7875717546164932,69.6642,8396.618,8974.8363,5,4.482502247734967
6.742970731430577,10159.86,0.15896096473440177,75.1135,8477.4075,9217.5013,6,6.901931696164978
5.606770172029924,10729.5,4.237263111893274,78.7559,8577.5835,9477.4388,7,12.187963219965635
1.6503868021250787,10906.07,4.535091807251372,79.7455,8717.096,9739.61,1,7.8055736788144205
1.3812643556957387,11056.59,0.7980964519367781,80.5761,8885.574,10002.5175,2,4.793988602551817
6.90674015141307,11820.86,0.26353940474822596,84.1339,9087.792,10315.88,3,7.452178088968515
10.764654927385179,13093.8,7.412056900775556,88.0575,9353.147,10817.4112,4,18.855826103433806
-13.500829873617956,11329.99,2.8985263826519136,64.3217,9520.62,11076.7237,5,22.544314640436454
9.449611164705347,12400.63,0.7005301858165878,69.6666,9745.9705,11437.1625,6,13.213780418164541
-4.061639099029104,11903.13,0.2779062888387852,64.8081,9959.7205,11655.0713,7,7.790080808829815
-8.813060094277713,10854.1,2.3260268517608464,55.9481,10103.288,11670.6463,1,11.878976370080805
-2.1113680544678974,10624.93,3.944868759270693,54.2047,10240.2895,11635.5037,2,11.537391400484614
2.0513134241263513,10842.85,0.9025967303221644,55.6208,10376.05,11608.7863,3,11.4048132217715
10.097021847896452,11940.0,0.4784702230893872,61.9933,10562.123,11623.6788,4,10.611822244024411
-6.652680067001675,11145.67,0.5025125628140703,55.7516,10686.9065,11380.1625,5,7.914572864321608
-1.5695781411077172,10970.73,2.3431520940419,54.4513,10795.008,11335.255,6,5.4764765150950945
2.495627098241642,11256.49,3.719675371799088,56.2464,10910.166,11192.2375,7,6.378290375245505
1.3307037298615376,11406.24,1.170528896765856,57.1984,11014.78,11130.1262,1,3.9411182033411882
7.2620508326029825,12238.6,0.871428571428574,62.1305,11172.6325,11303.1887,2,9.798685363716045
2.490562646054283,12543.41,2.053502851633354,63.7767,11337.0285,11542.9987,3,5.9380157861193235
-3.5075080627102295,12108.37,4.7700483961840865,59.7824,11466.591,11701.1887,4,12.57583569682775
-6.3198963339447785,11342.89,0.02989731675710727,53.4403,11525.7425,11626.55,5,9.181697226074089
3.6528641755885647,11757.22,1.1265216594022034,56.1518,11577.1285,11702.9937,6,7.158675750779345
-3.414582698971348,11355.76,0.3636914168485426,52.935,11599.613,11751.1225,7,8.250079525602137
-10.405273790087517,10174.18,0.847321804402686,44.8003,11555.4925,11615.8337,1,11.879412950937759
6.5316320332449305,10838.72,2.5680693677524937,49.5006,11506.3855,11544.8937,2,12.187714390742055
-12.868915558558513,9439.59,1.792726084524509,41.4902,11323.675,11195.0175,3,15.48849985877505
2.5211634572865598,9667.92,3.06548026175562,43.1082,11240.5715,10835.5812,4,9.51202364326412
9.911199458881391,10627.16,1.6634846300391164,49.4346,11151.898,10650.43,5,15.886050682293465
-1.1699521293410875,10504.29,1.3272629423896165,48.6878,11081.956,10545.605,6,6.095511749386554
2.2316286844003863,10740.23,3.1293250001427806,50.2423,11076.2625,10418.4812,7,6.843756484525658
-1.4042477516859417,10589.45,0.7227937472707782,49.2162,11074.4885,10322.6925,1,4.933767959278487
-2.359173382813276,10340.31,0.8782689574746365,47.4902,11049.3615,10343.4587,2,5.506626440607545
-4.62309099417195,9864.91,0.008604786968672947,44.2978,10945.607,10221.7325,3,5.046562532630506
-1.0289129610594459,9763.28,0.7320994487459359,43.6227,10876.4875,10262.1937,4,4.176474285285632
1.1929245959399508,9879.87,3.022819919290403,44.6646,10821.9445,10288.6875,5,4.659954524038751
-0.5884347029745515,9824.0,0.0792337699792042,44.2427,10750.32,10188.2925,6,2.5599692374635032
-3.537052117263839,9476.52,3.711929967426709,41.6099,10653.834,10059.8212,7,8.709894136807817
0.6606237841441936,9541.54,0.5638828052140845,42.3018,10518.981,9909.985,1,4.53627628464002
-0.35528855928918657,9507.64,1.964672369449786,42.0222,10367.1925,9774.7587,2,3.500483150518679
0.6850301869688563,9574.21,1.4730147112178322,42.8214,10240.4845,9678.9962,3,3.2840225174491375
5.2796866840731145,10080.53,0.30569190600520746,48.6224,10177.3665,9705.9487,4,5.794255874673622
2.921076570378731,10374.99,0.9212809247132917,51.6919,10108.255,9782.4125,5,5.9957164950652535
1.433734939759036,10523.75,1.4096385542168675,53.2127,10066.6545,9862.8975,6,3.7460240963855385
2.7852238983252224,10816.86,0.8353486162252035,56.1424,10098.7885,9987.005,7,3.8659223185651514
1.0388412163973553,10929.23,1.0240494931061364,57.2477,10103.314,10168.5937,1,4.511475603825879
8.223337807262398,11828.8,0.994694414176053,64.8783,10222.7745,10454.5012,2,9.238068836293548
-2.944294167371086,11481.69,4.232459847844469,60.3986,10313.463,10701.2575,3,9.332206255283177
4.29675422346362,11975.03,1.4469995270731,64.1839,10380.8565,11001.36,4,6.604689727731718
0.2065128801239876,11999.77,0.5029628293517145,64.3678,10455.6305,11241.265,5,4.501028806584362
-0.9519624951122111,11879.99,0.42945864532518896,62.6892,10512.6185,11429.39,6,2.88206687082141
-4.803627615534707,11309.31,0.8840082222360681,55.2911,10548.6115,11527.585,7,6.018528650721635
2.128613416993534,11549.97,0.44238162776632783,57.5654,10609.0945,11619.2237,1,4.314082997619641
-1.239266908627031,11396.08,0.3363353057609402,55.6171,10685.653,11677.58,2,2.968780873345186
-4.436080660797407,10892.71,0.5071786705970557,49.6927,10742.1245,11560.5687,3,5.857953124794371
-7.738567347448351,10050.37,0.03782120484404244,41.6897,10750.6495,11381.6537,4,8.89881542517643
2.374601697039137,10293.93,1.6515898304949868,44.4743,10774.146,11171.5162,5,5.459883283806524
0.33767870895436564,10331.54,1.9859625882679692,44.9118,10816.897,10962.9875,6,7.633753108984669
-1.1143967515716953,10216.02,1.2969514526456376,43.771,10850.621,10754.9912,7,4.502306132424748
0.8881123330445856,10306.78,1.8913376500702264,44.954,10890.578,10629.675,1,4.1111779993245925
5.912671729653216,10915.54,0.1403043031504344,52.2156,10957.6445,10550.3712,2,6.514544200221806
-1.412952954401981,10760.51,0.32277481898314997,50.3924,10991.6435,10470.925,3,3.5727865004448036
-5.742664613480221,10142.57,0.4053711208855248,43.8241,10980.0225,10377.1575,4,8.792612989533016
-0.4037148869618089,10099.88,0.9977496888811782,43.4032,10958.829,10383.3462,5,4.733345035214115
2.8678501767344198,10389.55,0.54901533678552,47.1148,10937.4635,10395.2987,6,4.210041683581017
-2.443262329421182,10134.35,0.30091950836336967,44.355,10897.7195,10370.65,7,5.096378954502049
0.07972679757780445,10142.69,1.8778226295831757,44.4695,10813.414,10361.4838,1,4.2037138084248
2.2633049023483855,10372.25,2.2848968074544325,47.6612,10757.942,10369.6675,2,4.595132060626912
-1.8175946633762732,10185.05,0.1685046656898238,45.3711,10668.443,10278.3563,3,3.2775507056373874
-4.562184790622928,9721.0,1.1124430450956144,40.2127,10554.5045,10148.4175,4,6.8526530848671
-2.2894763913177605,9498.44,0.030861022528546445,37.9823,10435.427,10067.9013,5,4.1559510338442545
0.9004096216342614,9584.54,1.1733854370086896,39.383,10349.1885,10003.4838,6,3.638168609149797
0.04915076658498311,9587.47,1.0126518873477044,39.4332,10251.0635,9903.2238,7,2.7524429287595664
1.4208331855905967,9724.98,1.0952429620575845,41.8633,10167.5085,9852.0525,1,3.232958657758996
6.339325290350578,10340.0,1.131269417982453,51.2789,10139.873,9876.7163,2,7.584647234200537
2.662282398452618,10615.28,1.5253384912959318,54.807,10168.1185,9907.095,3,4.845261121856867
-0.42245225856000534,10567.02,1.7635944722173762,54.0678,10181.773,9954.8413,4,4.043687010276253
-0.013534079379744414,10564.49,3.1618638036252396,54.0267,10193.4205,10060.2775,5,4.258976028590033
-2.5030459721692306,10298.73,3.244682210670527,49.745,10197.556,10160.3138,6,7.155738876639791
1.5261134646960648,10455.88,0.9915804989168626,52.1594,10205.011,10269.2313,7,2.6161528968191194
-0.7146204535238416,10381.18,1.3064394265438686,50.9074,10178.293,10368.445,1,3.677349630352241
-0.7525112606971709,10303.12,0.951331440174779,49.5685,10155.4235,10440.7125,2,3.963881000728237
-1.9842602532569542,10098.15,0.7998967248980339,46.137,10153.2025,10410.4812,3,4.193027377608325
0.5955522722388805,10158.33,1.3336053292718801,47.2907,10156.125,10353.3625,4,4.089841842944131
2.5225544481358457,10415.01,0.33271810015995346,52.0122,10157.398,10334.3612,5,4.024215577703945
-0.7004313966093237,10342.06,0.23034063337432972,50.6243,10167.7835,10306.5575,6,2.7460367296814883
-0.08806927213790589,10335.02,0.7333627864305706,50.4842,10177.4,10311.0937,7,1.910842187791529
-0.29807961241907355,10302.01,0.2631423591452907,49.7889,10173.888,10291.86,1,1.043762538941492
-0.5049818796623294,10251.31,0.5013908111350286,48.68,10177.201,10275.6262,2,2.6884486001626655
-0.6035310370665287,10187.82,0.2470321024656351,47.2603,10200.542,10261.2137,3,1.4340935521889442
-0.2992889311193719,10156.99,0.6924185372633946,46.5505,10233.4695,10268.5688,4,1.551119609559974
0.865266368726755,10244.29,0.7946705578053578,48.8915,10266.457,10279.3138,5,6.616511149116667
-0.7332311567109596,10168.59,0.3641262434471848,46.9704,10295.513,10248.5113,6,2.143854271405845
-1.7853208915884533,9986.39,0.08635001062164784,42.6286,10308.5835,10204.0525,7,2.721303865490688
0.43785020755823567,10028.87,0.6021942584738257,43.93,10293.027,10165.7838,1,2.353795386148437
-3.2488868723231263,9702.25,0.2187863044161179,36.9837,10247.3755,10090.8138,2,4.3300541979746745
-12.46170971532231,8493.14,0.956381026983561,22.6841,10143.6815,9871.0425,3,20.562243614850235
-0.7943466057863737,8430.05,2.73549434837101,22.2018,10036.9595,9651.3213,4,6.05303881707081
-4.345407203990483,8063.73,0.4263319909134645,19.5961,9925.2095,9389.6638,5,8.493306682641263
1.4189885521033705,8177.91,1.0800534259979258,22.6436,9811.311,9131.3663,6,5.119991467714357
0.2609609084472243,8198.81,1.4208551055522125,23.2172,9702.1925,8885.1438,7,3.838717843049254
-1.8972166188175144,8043.82,0.3628323117113733,21.9191,9589.2275,8642.3225,1,4.136044432627823
3.062274960711375,8289.34,0.5957946249179424,28.7184,9498.787,8424.8813,2,7.7987924963695345
0.029795041477848103,8292.44,2.5037485057243813,28.8027,9405.4925,8248.655,3,3.943922595618559
0.811198323338568,8359.94,0.16846202730844642,30.7239,9302.739,8232.005,4,2.6853835978038387
-1.6272727272727376,8223.96,0.39473684210526316,29.0247,9196.834,8206.2438,5,3.9832535885167464
-1.0614717372510942,8137.13,0.09702800072466497,27.9613,9086.9395,8215.4188,6,2.765054842706423
-0.1339545218253767,8126.19,0.5692452707294586,27.823,8978.1485,8208.9538,7,2.094483408687876
-3.3626369570165697,7854.25,0.32383682659595703,24.5696,8858.2955,8165.8838,1,4.538514066354558
4.261963260473819,8190.09,1.3981642967168653,34.7216,8758.409,8184.1675,2,6.847860680050413
-0.27384315611867166,8168.39,1.6381754207759454,34.3995,8658.979,8169.0488,3,2.884326599778777
4.772488339560799,8560.74,1.3372024002575054,44.4376,8574.8015,8202.5863,4,6.792488853586985
-0.04811875521917955,8558.03,0.9559514841482615,44.3871,8494.2735,8227.3475,5,2.6801679484708814
-3.4976197209102287,8258.5,2.590496177764904,39.0963,8407.879,8231.665,6,6.627038194306506
0.5102961388722311,8300.09,1.2098644336669493,40.1628,8321.44,8252.035,7,1.8164314387953424
-0.3248622617736895,8275.01,1.7994502516267354,39.7112,8250.078,8270.6375,1,3.509644687171022
0.8816662719147838,8348.2,0.49122442370251057,41.769,8242.831,8332.3813,2,2.2458563135329053
-2.2471923573655315,8159.29,0.672588254744891,38.1495,8229.293,8328.5313,3,3.7499131409895456
-2.053607539862493,7991.74,0.2679151397791437,35.2333,8225.6935,8306.45,4,3.2375326314757378
0.9450883174776233,8070.58,0.6796730965025747,37.6486,8220.327,8245.18,5,2.4501502185110273
-1.5327028229238793,7947.01,0.5487745192182591,35.4191,8207.737,8168.8025,6,3.7046306954406707
0.014093563645651203,7948.01,1.8886633639071404,35.4524,8202.9465,8129.9913,7,2.909062538930327
3.440056252492185,8223.35,0.9264302435134113,44.0153,8199.647,8120.3988,1,5.371157012630396
-0.31714568880079197,8197.27,1.3333981893024087,43.4276,8194.8885,8110.6813,2,2.322289577848447
-2.162668592508742,8020.0,1.2285782601057804,39.5612,8177.8915,8069.6563,3,3.635230222708017
-6.869774041590711,7469.1,0.34326426485587075,30.448,8140.0245,7983.0725,4,9.321501335401482
-0.747034091213411,7412.41,0.47508101014970777,29.7256,8103.7885,7910.6563,5,2.2186068932272907
16.763913491023846,8655.02,1.9424181878768116,55.6817,8130.23,7983.7113,6,19.399898278697485
6.6327167197327235,9230.0,13.17023803472322,62.5707,8199.0175,8144.085,7,21.9460066451938
3.2495124593716174,9529.93,2.8716143011917583,65.5766,8266.0095,8341.825,1,7.807583965330438
-3.3908711271663274,9205.14,3.923813761842449,59.9609,8317.847,8464.5488,2,7.788434997895731
2.207301902883932,9407.62,1.5468604859605863,62.1378,8360.191,8615.8425,3,5.193140274541118
-2.688246336480443,9154.72,0.023597891921648035,57.9033,8390.0255,8757.6825,4,4.345732501950545
-0.14387121723570706,9140.85,2.7417462491888758,57.6712,8434.143,8966.9613,5,5.374687842062832
0.9927949886553343,9231.61,0.518441372037198,58.8341,8480.719,9194.3613,6,2.7240325308559585
0.6295903113287346,9289.52,0.912320991398914,59.5968,8531.4445,9273.6738,7,2.0314361851940186
-1.0241284843135383,9194.71,0.782789818995994,57.7115,8573.77,9269.2625,1,3.1909018983083715
2.1409324892404387,9393.35,1.3084382468906508,60.5289,8635.473,9252.19,2,4.326012400423643
-0.8915719092031833,9308.66,0.6659639708700769,58.7323,8701.319,9265.13,3,2.972509688684474
0.3364945051048936,9339.05,1.0943592046610784,59.2003,8764.7425,9256.5588,4,2.050983429901809
-1.3166066327164234,9216.2,0.38376042384968395,56.4152,8828.202,9264.2438,5,2.9338827046543803
-4.7782721944866555,8773.73,0.5100933362274799,47.7095,8869.488,9218.3538,6,6.131973084436726
0.4065541034952036,8809.41,0.8045599710043853,48.4009,8898.791,9165.5788,7,1.7680031548689703
2.6142047273412397,9039.47,1.2228152904129688,52.7405,8940.901,9134.3225,1,4.508819209052381
-3.3947408010477624,8733.27,0.3557459160014851,47.0668,8976.5645,9076.6425,2,5.018052777826934
1.014271712147443,8821.94,0.75640990409189,48.785,9044.3305,9005.2163,3,3.6686910879661396
-0.5077131822927128,8777.12,0.26162134957169053,47.9379,9112.566,8938.7738,4,1.620850813485966
-1.4908505116467776,8646.68,0.25588034916387875,45.4639,9112.149,8852.2275,5,2.4767759531713853
-2.019920475389697,8471.73,1.661041962069685,42.3099,9074.2355,8759.1688,6,4.510558175791488
0.22899988431964174,8491.02,0.613578040563665,42.7812,9022.29,8723.83,7,1.687988838026257
0.13732607523019025,8502.4,1.5617013358081906,43.0767,8987.153,8685.4538,1,3.3485891689063583
-3.71286400944623,8187.17,0.007644477688117496,37.3267,8926.1305,8578.9163,2,5.098513795930085
-0.645697184388929,8133.64,0.3924754168447957,36.4372,8875.0765,8503.9625,3,2.6339705612899187
-0.4403829438284265,8098.01,1.6039184492422507,35.8253,8822.9345,8413.4712,4,2.777166476309454
-5.813626126126134,7627.74,0.4466226094515464,28.9214,8742.741,8269.7987,5,7.837566184605653
-4.713816190534879,7268.23,1.6021678625132578,24.9612,8641.6765,8097.4925,6,12.585558857808094
0.5962937331372308,7311.57,0.4527924955594396,26.2719,8547.5195,7952.4725,7,3.6387125888971505
-5.578093583728859,6903.28,0.26384538578326056,22.3172,8423.016,7754.005,1,6.420237720726024
3.0338119164143826,7109.57,3.885667579196634,28.1982,8313.0615,7579.9012,2,12.50233687862578
0.649086707576249,7156.14,2.585938939435916,29.4958,8203.916,7451.0225,3,4.536152652816677
4.944547328697724,7508.52,2.0473112268073597,38.546,8118.532,7372.8825,4,11.391033928509033
-1.1775596371821664,7419.49,1.799437925385266,37.2452,8050.82,7288.0675,5,3.7693629377056173
4.329165386087789,7739.68,1.4870890689787142,44.4995,7997.3335,7302.06,6,6.574087553851708
-2.5720224415740036,7541.89,0.8914880396435111,41.3218,7922.4545,7336.2675,7,4.766832149376243
-1.9857757243095044,7390.89,0.016179019524897188,39.0303,7855.3355,7346.1825,1,4.400825925685259
-1.3152945951430732,7294.28,0.3931542988568004,37.5939,7778.9525,7395.0575,2,3.6455387945613213
-0.023442576654484338,7292.71,1.4474077445499425,37.5697,7704.732,7417.95,3,2.174950167388218
-1.3491555265463775,7194.32,6.2705084940989,36.0056,7632.114,7422.7225,4,9.365517071157361
2.7021692688534005,7389.0,1.334335938531591,41.2201,7577.9775,7407.7825,5,4.656276452167531
1.8740018947083537,7527.47,0.8466639599404451,44.6733,7529.8,7421.28,6,3.857490864799022
-0.5259172666648974,7488.21,1.2197454767661164,43.8861,7479.0905,7389.8462,7,1.9854406333855843
0.3045152397857077,7510.11,0.7197511522830005,44.4739,7445.2375,7385.8737,1,2.526140897064504
-2.2831889279917252,7338.64,1.86268909509981,40.8645,7405.4875,7379.3425,2,5.019899841680083
-1.5603708589057403,7224.13,0.9396836471062762,38.6109,7361.7935,7370.5737,3,3.413439002321956
-0.19587079448792782,7210.0,0.7108102683360723,38.33,7340.9065,7360.235,4,2.0741540527259286
-0.16532593619972363,7198.08,1.1789181692094313,38.0783,7337.399,7360.705,5,2.9778085991678203
0.8435957853554348,7258.48,0.7025796914595738,40.2202,7334.7445,7344.39,6,1.6434279553638904
-2.6637748936598205,7064.05,0.19841898649235945,35.9137,7342.783,7286.4625,7,3.5793958417443297
0.770794463303386,7118.59,1.1566871551243327,37.9217,7343.234,7240.26,1,2.717245128210933
-3.2007416146974563,6891.72,0.4269902803528237,33.2541,7330.013,7162.9613,2,4.410360132591718
-3.883368352622963,6623.82,0.7367110502304371,28.7535,7285.778,7073.6088,3,5.546155810686882
9.873275924539236,7277.83,2.4482777361772032,47.4511,7278.695,7080.3213,4,15.172467934008068
-1.752308036873625,7150.3,1.4038525219742708,44.9727,7249.226,7072.8588,5,4.694943410329722
0.5106756664163562,7187.83,0.44984765029064705,45.8687,7231.523,7071.5775,6,1.964675003600739
-0.7687802326374089,7132.75,0.03575398476072945,44.7178,7218.616,7055.8613,7,1.1905937804760973
5.1860805234176315,7501.44,0.2397782261739719,53.1853,7228.974,7110.535,1,5.553740470217717
-2.448034919360966,7317.09,2.5953543064589897,49.133,7230.193,7135.3475,2,5.726657876387701
-0.840883932598086,7255.77,1.63147609090785,47.8276,7233.2655,7180.8538,3,3.821628196192589
-0.7048183721369382,7204.63,0.22051415631972898,46.7129,7224.047,7253.455,4,1.9696048799782897
-0.04177648608399181,7202.0,3.1920843968294257,46.6527,7207.7735,7243.9763,5,3.856760781733823
0.7322965842821408,7254.74,0.2932518744793098,48.0976,7196.1,7257.0313,6,2.769230769230764
0.845926197522456,7316.14,0.6736257662200165,49.8022,7186.4015,7273.07,7,1.7414749192600196
0.9962599243236164,7388.24,1.9166520854749465,51.804,7188.8815,7305.0063,1,3.2869195774370614
-1.9277437831853355,7246.0,0.2681219149399736,47.7579,7189.975,7273.0763,2,2.547767252312058
-0.7006624344465973,7195.23,1.0212531051614684,46.3658,7189.2365,7257.8438,3,2.4149875793541233
0.07796821231815176,7200.85,0.7525808729104191,46.5516,7189.375,7250.9787,4,1.109761453405312
-3.2643731156529148,6965.71,0.16289924549735046,40.2688,7174.7365,7221.1137,5,3.996239291075818
5.447857939642441,7344.96,0.8619637670860193,51.612,7188.782,7238.9837,6,7.665792356316642
0.12402995234853195,7354.11,0.6792375765827138,51.8496,7200.558,7251.405,7,1.7942818243703196
0.062005468991151995,7358.75,1.852685339921868,51.9784,7223.9095,7256.7312,1,2.406791230577399
5.44141871578386,7758.0,0.507499687399766,61.5151,7280.6185,7302.9513,2,6.096791906100325
4.97982961502275,8145.28,0.8042377141089659,68.1273,7323.991,7415.3612,3,6.237611001559503
-1.1041110150848585,8055.98,3.79429211187932,65.3396,7369.275,7522.955,4,7.181509270898806
-2.941877557506655,7817.76,0.01539470025028532,58.4667,7400.7715,7600.0688,5,3.798518135950102
4.851529981810609,8197.02,0.02532701266605903,64.8126,7453.985,7753.9825,6,6.741078623745482
-2.181400828895729,8020.01,1.0669776042035057,60.1902,7479.9135,7838.3638,7,3.453894809766239
2.056979978827948,8184.98,0.14987512484398943,62.8495,7523.308,7942.2225,1,2.955108534777388
-0.9117932014411795,8110.34,0.13475919887305324,60.8683,7566.0365,8036.1712,2,1.7117961336449574
8.626888638454123,8810.01,0.8629724524495863,70.3147,7646.3055,8167.6725,3,9.549044799601496
0.07680404418104922,8821.41,1.0785465997476893,70.4399,7727.276,8252.1887,4,3.998801993047925
-1.133785562601403,8720.01,0.4512466539153501,67.7044,7800.5395,8335.1925,5,3.1044182489588956
2.2147554801236335,8913.28,1.4721077045692905,70.0887,7880.3965,8472.1325,6,4.233986800685758
0.030179720798300627,8915.96,0.81810603740266,70.1217,7956.7825,8562.0,7,2.0475089389191616
-2.3935821175108654,8701.7,3.184376153241295,64.0488,8029.5675,8647.2113,1,8.221790245527522
-0.6822789057795353,8642.35,0.5202419751497456,62.4358,8101.9235,8704.3825,2,2.593855007975425
1.0839644309707461,8736.03,0.6129119973155374,63.9779,8178.6825,8782.5938,3,3.4828489936186333
-0.6144660509796234,8682.36,0.9381825174793055,62.3974,8264.515,8766.6375,4,2.609878159898535
-3.2046224879848246,8404.52,0.10411424004089771,54.8444,8317.493,8714.5263,5,4.438906017319359
0.4102554339807575,8439.0,1.0591919586127516,55.5633,8371.7375,8679.4,6,3.450762208906641
-1.1661348099713336,8340.58,0.14539654626916773,52.971,8420.829,8607.8125,7,2.326818730677493
3.2972382527119244,8615.0,0.037529931019257765,58.7498,8463.679,8570.1925,1,3.8905229130420627
3.4033750503517988,8907.57,1.0729720850808973,63.8499,8501.7935,8595.9263,2,5.397944601997356
5.238690237629336,9374.21,0.28952901857634433,70.1823,8567.705,8687.4088,3,6.035316028950661
-0.787278114713701,9301.53,0.7882380798989652,68.1791,8641.8935,8758.0963,4,2.4878031090072446
2.275314812445635,9513.21,0.6965490771988049,70.7938,8707.703,8861.9525,5,4.016096207414442
-1.667767086648622,9352.89,0.19660369741112788,66.3472,8774.347,8980.4987,6,3.366549195081324
0.3518073165228761,9384.61,0.8489356492021184,66.7916,8834.3285,9098.7,7,1.9568613654615041
-0.563700861322125,9331.51,0.9869560260048399,65.2384,8895.387,9222.5662,1,3.8045012952332717
-0.4216859077606321,9292.24,3.077717730847591,64.0521,8919.4985,9307.2212,2,4.123520214668678
-1.015245362622223,9197.02,0.6312322751806748,61.1485,8938.279,9343.4025,3,2.7659059232511938
4.512548629882293,9612.04,1.4397054698152212,67.9649,8982.8805,9373.1312,4,6.167541225309952
1.6642686300396412,9772.0,0.9422567345295396,70.1394,9025.8165,9431.94,5,3.497908350265234
0.42703643061808805,9813.73,0.7293286942284122,70.6982,9070.705,9469.505,6,1.5861645517805976
0.8271966105114339,9895.05,0.45802522348472846,71.8055,9130.3725,9537.275,7,2.7806563567685267
2.594330088610042,10151.75,0.1440115451781903,75.0151,9205.8425,9633.1675,1,2.882757421900265
-2.9540806878046224,9851.83,0.35737786306163544,65.6164,9261.6325,9698.2075,2,4.255436517161624
3.7692833956235154,10223.08,1.02022586872979,70.5373,9338.6685,9814.5625,3,6.329744796350697
1.0112412306271614,10326.46,1.2084420742085642,71.7497,9434.7655,9955.7425,4,2.2196833048357254
-0.9268468901236158,10229.63,1.6916650605840207,68.8901,9524.297,10032.9412,5,4.067666602423361
1.13983679742818,10344.36,0.3637152930547871,70.3956,9624.486,10104.4862,6,2.641726748131058
-4.250045435387024,9904.72,0.2962000549091429,58.6772,9688.972,10115.86,7,5.54891747773666
0.12933567302004664,9917.27,1.3401033473808726,58.8876,9739.457,10118.6375,1,4.158530601365438
-2.0654444186586285,9706.0,0.5394169937542164,53.9114,9756.0465,10062.9188,2,5.16098761944161
4.726045744900053,10164.71,0.8787348032145155,61.5155,9799.2055,10102.0288,3,6.944055223573045
-5.617337512469525,9593.79,0.838385090479079,50.3753,9803.2345,10023.3675,4,8.852528042908947
0.018447780794509823,9596.42,1.0691374880792934,50.4199,9815.411,9932.1125,5,3.116320032518122
0.8319084400570599,9677.05,0.8175292611081861,51.8469,9830.033,9863.04,6,2.139163361018474
-0.2706403294392268,9650.86,0.33191933492129116,51.3301,9846.0005,9776.3525,7,1.5412754920146083
2.9588067372303914,9936.4,0.5553914940134844,56.4294,9878.2085,9780.3125,1,3.5748146536315453
-2.8206392657300476,9656.13,0.5394307797592727,50.803,9901.164,9747.67,2,5.197455819008902
-3.5179876381593154,9315.84,0.2017498798614633,44.9436,9886.354,9698.9,3,4.401627255704509
-5.702046266401039,8785.25,0.6543243800233667,37.6517,9837.0165,9526.4675,4,7.983809335714791
0.4235146824493413,8823.21,1.6908718415661428,38.4215,9787.4905,9430.145,5,5.016731163214209
-1.477233445725783,8692.91,0.8698608789278327,36.7445,9727.3835,9317.2062,6,5.156829966282266
-1.9237584572191133,8523.61,1.141436921802374,34.6296,9645.9765,9173.0262,7,3.0658857642564636
0.0970246175036002,8531.88,2.559009621510144,34.8269,9579.979,9033.1537,1,3.9771880693743613
4.5126197202912035,8915.24,0.5921245442715992,43.3622,9514.587,8905.5087,2,5.4833944878843655
-1.6957350205023418,8760.07,0.09504914051785897,41.0204,9436.2675,8793.5012,3,3.0147522550324384
-0.10502199183338615,8750.87,1.0070695782111463,40.8795,9362.3295,8722.88,4,2.1494120480772514
3.4703502118046132,9054.68,1.1968931515177115,47.3176,9297.8455,8756.5587,5,4.71809475270797
0.8530433015558849,9131.88,0.42099962008429714,48.8421,9259.2035,8795.1425,6,2.0376293259588456
-2.6747666437773274,8886.66,0.6254592925771812,44.4427,9207.673,8819.3612,7,3.865997728589437
-9.588250189921494,8033.31,0.016994457105880174,33.2267,9124.0385,8758.0737,1,9.980135618018629
-1.3054528075511942,7929.87,1.7990580925877087,32.167,9012.2965,8682.8225,2,6.811653366124193
-0.445278421966558,7894.56,2.7633492100122714,31.7942,8927.335,8555.2375,3,5.308914269716903
0.506044027730462,7934.52,0.5760921747479542,32.7441,8844.24,8452.0437,4,4.940104400873005
-39.50530462860038,4800.0,0.39813071391302557,15.0444,8600.3875,7958.185,5,44.818629341439625
16.220591207101652,5578.6,7.841650329895137,25.7769,8396.7745,7523.675,6,45.268030691602725
-7.245092852467244,5172.06,1.156194797392424,24.0672,8158.5575,7028.6975,7,10.49829180154411
3.6504732739421057,5361.3,11.188056792873049,26.5106,7943.816,6588.0275,1,16.37319042316258
-6.181708961948233,5028.97,0.09495684034378753,24.9898,7729.4725,6212.485,2,17.189613326045226
5.643028439845227,5312.64,4.22282584919842,28.7472,7555.842,5885.3312,3,12.001726037312636
1.513371882905667,5393.04,0.8118374292253965,29.8202,7384.3335,5572.6412,4,8.033670642091318
14.260577090665008,6162.37,4.406054964900638,39.2478,7257.8065,5351.1225,5,21.27600004449999
0.7515356090911222,6208.36,11.224186756030871,39.7687,7142.044,5527.1675,6,19.96088963900001
-0.28350070996056365,6186.98,4.068130426443732,39.5987,7024.799,5603.215,7,9.621295271066312
-5.993980966665811,5816.19,3.569235046161006,36.6713,6869.8465,5683.7312,1,10.891476376425556
11.197634133131597,6467.31,2.281445310820911,44.439,6755.2085,5821.9825,2,15.680745523164347
4.32264800278412,6744.72,1.3654537720892423,47.3993,6654.901,6036.4512,3,7.140791152700979
-0.9972289312036479,6677.43,3.1620430294053614,46.7486,6536.0385,6207.05,4,7.531257922899348
0.8976520871833673,6737.36,0.6385699866116005,47.4406,6416.3125,6375.09,5,4.043477870195375
-5.612955989592234,6359.11,1.5632444595511195,43.5905,6289.935,6399.6825,6,8.632428268423265
-1.9257411807627176,6236.65,0.013995669205287019,42.391,6200.102,6403.2187,7,5.283758261769336
-5.6958463277560805,5881.42,0.47060521273440653,39.0354,6097.6795,6365.0237,1,6.4047204829515785
8.73871269449877,6394.38,3.4796360853668884,45.7175,6022.6705,6437.2975,2,12.60505059093614
0.2500605994260614,6410.44,1.7638733589284452,45.9173,5946.4665,6430.1887,3,3.1563308806855934
3.5991104373890734,6642.92,0.5773423537227748,48.8531,6038.6125,6417.4637,4,8.26292002358027
2.2688820115122543,6794.09,6.0799053491004535,50.7262,6099.387,6432.0462,5,9.739047710796948
-0.8796177725181166,6734.1,3.740730600866081,49.9445,6177.489,6431.6387,6,6.563279196215402
1.8419805821205133,6856.99,1.9815920760080628,51.5902,6252.2735,6493.8737,7,5.055718353119048
-1.234139419985098,6772.78,0.5560408375757043,50.3682,6339.464,6560.89,1,3.179334471761198
8.225868845584824,7329.9,0.3726682396298225,57.5347,6440.327,6741.95,2,8.713408674133817
-1.8087559175432126,7197.32,1.7706926424644263,55.4816,6530.541,6842.3175,3,5.220944351218974
2.2780701705634883,7361.28,0.8158592364935873,57.5014,6590.4865,6961.1725,4,3.7513963530869825
-1.0423544820427573,7283.54,0.15841831674424345,56.1995,6644.2455,7041.25,5,3.5846559768269075
-5.829857459422202,6858.92,0.16763826381127908,49.5943,6677.8425,7049.3537,6,7.630492864733364
0.26111982644497755,6876.83,0.9836825622692823,49.862,6730.8745,7067.195,7,2.6870119494031157
0.39189511461659454,6903.79,3.972900343762543,50.2899,6752.6985,7073.045,1,5.77300038971388
-0.9542584580353706,6837.91,0.0,49.1852,6757.358,7081.1862,2,4.762456563713554
0.44837409550104784,6868.7,1.5984112406479078,49.7409,6766.9215,7023.5362,3,3.271697737948305
-3.6008950917003095,6621.24,0.9380409604910526,45.44,6761.1155,6951.5262,4,4.775375369254445
7.259807438172544,7101.94,1.3299603549178842,53.7973,6798.257,6919.1087,5,10.90020766471587
-1.048156925030866,7027.55,0.6495362567393098,52.4581,6837.802,6887.11,6,2.4660693692894573
3.156780203734863,7248.6,0.6330068680106615,55.9658,6906.161,6935.82,7,3.9659701883366254
-1.763926827249408,7120.74,0.2421157188974322,53.5067,6942.479,6966.3087,1,2.90469883839637
-4.136405762911783,6826.83,1.3845592158845221,48.2576,6963.2985,6956.6887,2,6.58578369421743
0.18143265905011186,6841.37,1.4442859695005714,48.5266,6973.221,6957.1212,3,2.6065386045939514
4.148005659693403,7125.14,0.4566343534034137,53.5974,6989.7735,6989.1762,4,4.946092589777473
5.014231339261661,7482.39,3.587448351747054,59.0648,7027.188,7096.82,5,10.077023264169586
0.2811345865023325,7505.0,1.4826375341396807,59.391,7059.5885,7147.2025,6,3.0459810047087377
0.4486342438374427,7538.67,2.2162558294470345,59.9033,7097.883,7211.0925,7,3.649966688874088
2.0436316077797887,7693.1,0.09152371060998081,62.2552,7116.043,7266.655,1,2.918147294811136
1.0596508559618296,7774.62,0.22617670379951574,63.4732,7144.908,7348.39,2,2.4180109448726834
-0.44420088222695603,7738.98,0.08348866856799286,62.5233,7163.793,7462.4087,3,1.555024692835027
13.4390288657609,8778.57,2.252609651899957,74.5076,7238.5445,7704.5587,4,16.06031080637532
-1.8064424998120416,8620.0,7.762303242665672,70.7892,7326.5985,7891.4162,5,12.063454453909403
2.40092807424593,8826.96,2.6939675174014055,72.7039,7424.105,8059.4875,6,5.169605568445485
1.6585709640174535,8972.05,0.42999568304730096,73.9911,7527.518,8242.8687,7,2.9119602251160535
-0.8739961081428093,8894.16,2.5346110037469725,72.0275,7630.3305,8412.305,1,5.43879240976397
-0.24948983320497753,8871.96,0.6279408375167989,71.4455,7730.4935,8559.6625,2,4.812151807648847
1.6897131624270718,9021.83,1.09051930134627,73.0298,7850.523,8715.5637,3,4.041740682963777
1.3474686743462128,9142.92,2.794257185169419,74.2719,7952.572,8891.0562,4,5.418140945489381
9.219765076448585,9986.4,0.8815101603342342,80.878,8100.5145,9042.035,5,11.439945753220902
-1.8654556742737458,9800.01,0.4972812753472243,76.2206,8228.085,9189.5362,6,3.3141403723100566
-2.659382327791176,9539.4,1.1656098661023095,70.1389,8349.018,9278.5912,7,4.022950973569441
-8.557725571594803,8722.77,0.3745636380790595,55.2596,8443.815,9247.4312,1,15.282678659412314
-1.848610017230765,8561.52,5.104227212227303,52.8744,8529.8225,9205.8512,2,11.097392227469026
2.905265567551658,8810.79,1.955959093860801,56.0337,8614.105,9198.205,3,5.2496834866457
5.656345087214955,9309.37,1.0059028554112444,61.5816,8705.454,9234.1475,4,6.866538266415014
5.184357661920534,9791.98,1.5792724518897714,66.0476,8819.803,9315.28,5,7.328546031677827
-4.856530401951796,9316.42,0.5478979204389051,58.7947,8908.6905,9231.5325,6,7.103984182958086
0.7010549637396609,9381.27,2.219094972498804,59.4486,8993.099,9179.19,7,3.950210176943654
3.189809835184823,9680.04,2.2168661341611133,62.4087,9088.37,9196.77,1,6.032528107913918
0.5455985935497035,9733.93,2.2318721716827894,62.9342,9188.1175,9323.165,2,5.017709746093169
0.42737106184244555,9775.53,1.2500603558891268,63.3601,9237.9655,9474.9162,3,4.347781420248544
-2.697662332879449,9511.43,0.6840829738325813,58.7456,9282.537,9562.4962,4,5.278702175827841
-4.655241115163552,9068.65,0.7048361813102662,51.9186,9294.6215,9532.4062,5,8.02686872531259
1.1302992773098655,9170.0,1.1138669822255505,53.2576,9304.519,9454.6587,6,3.721859694668101
0.09978189749181719,9179.15,1.4034896401308694,53.3838,9318.7685,9437.5,7,2.593784078516907
-4.9969441148882074,8720.34,1.2963271638226757,46.5901,9311.1875,9354.8837,1,6.5148638033949196
2.0900100250741667,8900.35,0.9097123927810232,49.3154,9305.1135,9257.4225,2,3.8648152014076462
-0.6648053166448519,8841.18,1.3181504098153412,48.4405,9290.0265,9145.8287,3,3.5691854814698303
4.106662142291593,9204.07,0.23673792557403336,53.8487,9250.91,9074.3962,4,4.674471213663618
4.0397345956734325,9575.89,0.5386747384580944,58.6363,9239.704,9082.4537,5,5.600457189047882
-1.553905806991961,9427.07,0.3069172827116431,56.1266,9234.0875,9127.2562,6,2.8745168846277176
2.8761165213332376,9697.72,0.4485180234655194,59.5199,9282.835,9193.2212,7,4.336346084484336
-2.572254096839246,9448.27,0.023510680861075127,55.2765,9327.1725,9226.8612,1,3.285205182249025
7.964420999823248,10200.77,1.8969610309612188,63.687,9396.6715,9411.915,2,10.14291505217357
-6.710668047998995,9518.04,0.2575786237186067,53.8013,9407.105,9489.1262,3,9.438570732677885
1.5572566563213708,9666.24,0.2496317511415212,55.419,9400.818,9592.2587,4,3.412369379345713
1.2697696744986695,9789.06,0.9576550331460133,56.77,9424.45,9665.3825,5,4.465298065861664
-1.7059420890996613,9621.16,0.6805174425376076,54.3454,9436.4445,9671.0412,6,2.796751987609495
0.4690697701007175,9666.3,0.7140503701732817,54.9031,9435.7575,9700.945,7,2.1198045559947567
0.8290187599890286,9746.99,0.5690581730346516,55.9391,9436.4105,9707.1037,1,4.443432969374728
0.35929040657680406,9782.01,0.18456980052303104,56.4071,9436.7345,9748.8212,2,1.7133494545495584
-0.09783275403802605,9772.43,0.9711715395624617,56.2312,9449.7845,9695.2787,3,3.138417501533429
1.1518106020604832,9885.0,1.1022835648005957,57.8935,9490.602,9741.1487,4,2.952589117968481
-6.118427308648667,9280.4,0.7969473618189646,47.4661,9496.122,9692.9187,5,8.60881194348735
2.007246564240512,9465.13,0.9913912023865122,50.4053,9510.421,9652.4275,6,3.4983748038556444
0.08853708837650683,9473.34,0.22599144634525048,50.5378,9548.071,9633.95,7,1.5185484143620214
-1.38536144591031,9342.1,0.08075293402326567,48.3164,9570.1585,9593.425,1,2.491096065379262
0.8982990976332952,9426.02,0.7383778807762662,49.8348,9599.4005,9553.3037,2,6.25715845473715
1.0560096753146957,9525.59,0.6727102020464549,51.6499,9615.4765,9521.2512,3,2.290567098625616
-0.6489996294729586,9465.14,0.3991825312770026,50.4563,9609.939,9482.84,4,3.4469511292677466
-0.8326351566222492,9386.32,0.2521888236083477,48.8704,9607.9015,9420.505,5,2.2081049071697905
-0.8106478364257788,9310.23,0.5537846568197075,47.3241,9588.527,9424.2337,6,2.370577606559316
0.5232953428647967,9358.95,0.3872084792749403,48.4489,9584.061,9410.9612,7,2.406492643038886
-0.6866154857115404,9294.69,0.6736866849379393,47.0227,9538.757,9388.63,1,1.5008093856682547
4.206702966962857,9685.69,1.0146653626963298,55.5891,9547.1395,9431.5787,2,5.410723757328107
-0.6277301875240803,9624.89,0.3542339265452383,54.1235,9545.072,9456.4375,3,1.4760951465512457
-3.4063669886631085,9296.49,0.47452653847073073,46.927,9520.4435,9427.8,4,4.80033415313066
-0.5252556104160655,9249.49,0.44814498947660575,45.9846,9501.86,9400.8437,5,3.5523583267102747
-0.9436195941614149,9162.21,0.5244613486797675,44.2091,9476.6555,9372.83,6,2.7304208123907294
-1.6394516170225213,9012.0,0.37141693979946605,41.2567,9439.906,9335.5512,7,3.9645456718411807
1.1579005770084372,9116.35,0.8283399911229431,44.052,9406.623,9305.2262,1,2.6957390146471427
0.8380721707385526,9192.56,0.4984554900308958,46.0703,9377.6295,9292.46,2,2.340130054759898
-0.5915415433382069,9138.55,0.13129655071886448,44.8359,9340.307,9224.0675,3,1.5241060249561411
1.0277870187172806,9232.0,0.6565930698790118,47.4592,9337.887,9174.9562,4,2.3188678584560396
-1.5754999734618313,9086.54,0.3246320674090781,43.9553,9318.9575,9148.7125,5,3.4874387862205127
-0.311229576934682,9058.26,0.4232634203998345,43.2862,9298.2035,9124.8087,6,0.9632929585959084
0.8574939361588008,9135.46,0.6021336330385322,45.7155,9287.8715,9121.465,7,1.6555914853402334
-0.7180076628352506,9069.41,0.11209633278598558,43.9797,9270.041,9128.6412,1,2.760919540229876
3.029855304810356,9344.2,0.3396031274360656,52.1241,9260.9715,9157.1225,2,3.5182001916331926
-0.9106799379607313,9257.39,0.3955056853273356,49.6675,9250.584,9165.2262,3,1.8883657105669065
1.9299155270378276,9436.06,0.3666256184241851,54.4281,9253.071,9202.415,4,2.5817184090565384
-2.1579981475319063,9232.43,0.05012685379280529,48.7668,9249.181,9202.4687,5,2.975712320608399
0.6056916821375119,9288.34,0.3156268887247268,50.2955,9245.6505,9227.6937,6,2.084827163408939
-0.5847115846319094,9234.03,0.1177820794673807,48.7731,9242.6175,9249.665,7,1.303031542772989
0.7443128778148581,9302.75,0.4575472004609043,50.8024,9223.4705,9270.5762,1,2.030534913288037
-0.6523484652236536,9242.62,0.43543641994086213,48.9743,9204.357,9292.2275,2,1.536334917357374
0.14324957993466975,9255.85,0.25631288131816127,49.4057,9202.325,9281.1837,3,1.8018719820483702
-0.6293317199392816,9197.6,0.22299410642998121,47.5015,9199.7305,9273.71,4,1.252397132624233
-0.6945290075672025,9133.72,0.3104070627120039,45.4335,9198.306,9235.9175,5,1.9450726276419896
0.22553789693575416,9154.32,0.3559338363777324,46.2462,9205.422,9226.1537,6,1.0622178039177952
0.17445334492715633,9170.28,0.5354854707782303,46.906,9208.1185,9211.3962,7,1.0727187521506145
0.4219054992748385,9208.99,0.2538630142961589,48.5554,9208.94,9208.2662,1,1.4276523123561944
-0.523510178640645,9160.78,0.13606269525757608,46.6133,9210.0515,9190.52,2,0.9829525279102316
2.5021886782566476,9390.0,0.5210255021952231,55.6885,9217.9515,9208.9425,3,3.110324666676858
1.3648562300319473,9518.16,0.27518636847710487,59.8029,9239.5325,9241.7312,4,3.0138445154419595
0.8941854307975552,9603.27,0.6380434873967192,62.306,9266.783,9292.44,5,2.349928977869673
-0.6817469466129887,9537.8,0.3512345274057645,59.2496,9286.9,9342.95,6,1.807301054744889
1.7018064394376209,9700.42,0.3405290361812055,63.9766,9318.4505,9411.2125,7,2.305490611337684
2.382577249232516,9931.54,1.8500229886953257,69.4079,9347.8175,9506.37,1,4.752371546799004
11.05991618621078,11029.96,3.6741532531712244,82.7327,9436.446,9733.9912,2,14.878357233621387
-1.1214002589311176,10906.27,1.9244856735654565,78.582,9509.9565,9952.1775,3,6.139913472034347
1.7811772494170806,11100.53,2.221566126640905,80.2573,9603.3615,10165.9937,4,4.867108553153367
-0.008197814156452621,11099.61,0.6259166237257314,80.2253,9693.925,10363.675,5,3.053910987953717
2.1231933216754393,11335.46,0.9778563378226153,82.1864,9798.9965,10580.1987,6,4.360442855225188
4.108434946618849,11801.17,0.5278127222009511,85.2889,9923.9175,10863.12,7,5.654821242366874
-6.184302064964743,11071.35,2.7310004008077087,65.9147,10015.354,11034.4862,1,11.121439653864822
1.340847014278272,11219.81,2.2868915833285204,67.5305,10113.552,11195.52,2,4.850352621538817
-0.24697674086962326,11191.97,1.7406913566162248,66.8901,10213.2705,11215.7712,3,3.698679463228894
4.940318924516552,11744.91,0.3218373140076111,72.4732,10343.83,11320.6012,4,6.146628079546178
0.14942643238644887,11762.46,1.1710604849249664,72.6309,10474.237,11403.3425,5,2.8735852382010587
-1.4303118307634348,11594.23,1.2537332720083552,68.5742,10595.4345,11465.17,6,4.998439953513169
1.4407867273398383,11761.41,0.40416202360458514,70.3467,10723.0555,11518.4137,7,2.5552941257645996
-0.674601352603772,11681.68,0.30686113959503636,68.3662,10849.1005,11503.4775,1,2.339422941207491
1.8082143936365334,11892.92,1.4931914817119807,70.7184,10974.2465,11606.1737,2,5.284766159690938
-4.211083924021893,11392.08,0.3539927183445616,59.4345,11067.9425,11627.7075,3,6.810786267436875
1.5119262576050556,11564.33,0.46690291245943905,61.6981,11165.9955,11674.2525,4,4.103900162305604
1.8648708011006234,11780.0,0.11206865242633067,64.3783,11278.1055,11678.6388,5,4.51906464182131
-0.16324597169553873,11760.54,0.5961916064575077,63.9435,11381.1115,11678.3988,6,1.8333974262655328
0.7810008885638884,11852.4,1.0849832703402509,65.1403,11477.1545,11710.67,7,2.5509011058156292
0.4944146333232119,11911.0,0.1748169147176888,65.9175,11521.2065,11729.3687,1,2.0731666160440025
3.107550254009108,12281.13,1.5688872209614884,70.4056,11589.9495,11804.3,2,5.8619812458913945
-2.737040098036417,11945.01,0.8681597407408981,62.3731,11632.1735,11810.8112,3,4.639956355878725
-1.5948799089166286,11754.59,0.6277050840930554,58.3141,11664.9225,11856.125,4,3.843249533281429
0.8436855027657783,11853.55,0.2930822382805451,59.779,11690.827,11892.2775,5,1.87164274083363
-2.7181753299014533,11531.34,0.20635185775725332,53.221,11677.3355,11861.195,6,3.30863185175062
1.142375965096521,11662.96,0.19980522459443506,55.3746,11706.916,11848.9975,7,2.68132714376524
-0.13186425012711456,11648.13,0.467783711764293,55.067,11728.332,11823.4637,1,1.748530245183487
0.8591944451121719,11748.2,0.658475359113736,56.8105,11756.1435,11803.1137,2,2.0587871690882262
-3.658180536746515,11318.42,0.16734492717601482,48.1662,11734.819,11682.775,3,5.534554684593975
1.2635155790295838,11461.43,0.6881702569793259,50.8464,11719.7675,11622.3275,4,2.6091981036222345
-1.1433138302234878,11330.38,1.1410453504016138,48.3778,11706.575,11569.3013,5,4.076283741456126
1.7345402360732884,11526.91,0.138918553481876,52.1312,11694.85,11528.4713,6,2.345552399831252
-0.5297174435450944,11465.84,0.46083509009361406,50.8929,11684.058,11520.2838,7,1.4139100712246968
2.139572852926604,11711.16,0.06837702252953247,55.4688,11674.97,11526.3088,1,2.276326897985669
-0.5265058913840364,11649.51,0.765081541810087,54.1044,11687.8415,11526.4812,2,1.9705119129856403
2.3388108169356405,11921.97,1.1063126260246228,58.9144,11705.7235,11548.2025,3,4.599764281931174
-4.474344424621086,11388.54,0.27344474109564415,48.2521,11686.1505,11556.9675,4,6.663915443504717
-10.955662446634955,10140.85,0.6503028483018849,33.143,11605.166,11391.895,5,13.186940556032653
3.037593124678808,10446.25,1.7833382158135076,38.2407,11534.8585,11281.3787,6,7.412985819107554
-2.6761756611224077,10166.69,1.1432810817278956,35.5673,11447.643,11111.3512,7,7.090391288739981
0.8804242088624736,10256.2,0.8944897503513797,37.0839,11346.3965,10960.1462,1,3.4650412277742197
1.1461706395056996,10373.44,0.363790953296101,39.1057,11267.818,10792.9312,2,5.223827478648855
-2.3791506200926507,10126.65,0.6222616390882423,36.4504,11186.421,10602.5737,3,5.668316712376306
0.9138254863894005,10219.2,1.222515617192631,38.1466,11104.7035,10389.7275,4,3.57462381476222
1.150569168699586,10336.87,1.4333676801421582,40.3274,11044.98,10258.2687,5,4.0366796519132
0.4936702248071352,10387.89,0.09393568259607797,41.2938,10981.2265,10289.1487,6,1.9116056520065121
0.5104982821342993,10440.92,0.35666530931689955,42.3392,10920.866,10288.4825,7,2.0092627087887855
-1.0328839049601237,10332.83,1.335546473550074,40.7466,10850.0975,10309.25,1,3.640666738820407
3.2801243414201737,10671.77,0.7571006615799679,47.425,10817.765,10361.1962,2,5.203409711173306
1.0639284767194106,10785.31,1.3561948955046947,49.4792,10783.959,10412.68,3,3.0319244136633503
1.5649179479714448,10954.01,1.2887068704144444,52.4519,10765.1405,10516.1,4,4.0034380351647645
-0.1279896585816558,10939.99,0.8348540853988531,52.1771,10735.7945,10606.1987,5,2.7353453210285474
-0.06042047531993219,10933.39,0.8960694698354721,52.0389,10709.172,10680.7638,6,2.058409506398542
1.346790568350193,11080.65,0.9067627636416964,54.9088,10677.6465,10767.3587,7,2.6745568624581564
-1.4472088254829933,10920.28,0.0,51.3081,10641.185,10827.2787,1,3.2276114015074886
-4.6066584373294575,10417.22,0.6280058753072258,42.0034,10565.9475,10837.8275,2,6.34150406399836
1.0788866895390636,10529.61,0.41373802223624484,44.4281,10523.001,10820.0575,3,2.109103964397403
-2.736568590859504,10241.46,0.0716075904045739,39.8303,10528.0315,10752.0762,4,3.8019451812555256
4.831928260228528,10736.32,0.5753085985787191,49.4967,10542.535,10724.865,5,5.900623543908774
-0.462541669266871,10686.67,0.2254029076975161,48.6521,10568.534,10693.2,6,1.9027917360960485
0.3932973816669021,10728.6,0.8640751897007193,49.4368,10592.154,10667.6012,7,1.6493598975162302
0.42559180656544665,10774.25,0.2306920107861331,50.3267,10612.1945,10629.3012,1,1.9031391823156658
-0.7252470239255356,10696.12,1.6311097003413673,48.7454,10640.668,10601.2812,2,3.007167081544347
1.3497430374220065,10840.48,0.2529891708294072,51.7614,10671.732,10654.1887,3,2.1659276129359184
-0.5902820697785522,10776.59,0.08080748447039013,50.3493,10693.718,10685.0612,4,1.699263323549118
-1.4611300977396464,10619.13,1.3307549048446665,46.9498,10705.28,10732.27,5,4.481937236175821
-0.45888881669213544,10570.4,0.4285661819753616,45.9166,10711.754,10711.53,6,2.736947377045007
-0.2681071671838355,10542.06,0.313706198440928,45.2923,10722.2155,10693.4537,7,1.0132066903806893
1.1815516307518303,10666.63,0.28685068492242605,48.6003,10721.9585,10685.7075,1,1.6979587500367574
1.1774114011748644,10792.21,0.05428148748151591,51.7666,10722.3035,10687.9525,2,1.7096324796421036
-1.7840662700839574,10599.66,0.07227442041473724,46.9871,10704.586,10675.895,3,2.5481366171864863
0.6296434316227402,10666.39,0.14604255800900393,48.753,10690.906,10654.1337,4,1.2802309510219747
2.429779494487363,10925.57,0.22903697592440084,55.0201,10690.515,10672.7562,5,3.933754593864848
1.1459492706929781,11050.64,0.4942592701071993,57.7079,10689.0145,10726.695,6,2.5229189854138543
2.1951669767542867,11293.22,1.7897605930516303,62.4008,10707.6615,10817.0475,7,3.9861039722586185
0.6711991796848118,11369.02,0.6727930563647886,63.7542,10755.2515,10920.4175,1,1.9834909795434785
1.4005604704715056,11528.25,1.6866889142599821,66.4836,10805.1835,11028.12,2,4.820204379972946
-0.9340541140711877,11420.56,0.24947433433030733,63.0269,10864.1385,11106.6637,3,2.22930820316024
-0.023466429433909964,11417.89,1.1156185724530374,62.9395,10898.217,11208.9425,4,2.346467820783022
0.7639765315658268,11505.12,0.9828435901904761,64.6631,10939.1395,11313.7837,5,3.2099626113055937
-1.6150186916618892,11319.32,0.3130777314119913,58.4298,10968.6755,11363.0025,6,2.9651990025319113
0.36186175043554997,11360.2,0.37299323982881666,59.3581,10997.973,11401.6975,7,1.3023842590138568
1.2572720286682313,11503.14,0.016372792643867835,62.5105,11038.324,11427.9375,1,1.3976731268777056
2.158801857579756,11751.47,0.6304365590612688,67.2615,11083.8735,11475.7437,2,3.61666466721261
1.3490238659707021,11909.99,1.0925450965241716,69.8851,11140.5435,11523.4612,3,3.0701717063241425
7.312846347607045,12780.96,3.6668345927791868,79.5717,11248.635,11693.5112,4,11.173215785054573
1.4691626078281825,12968.52,1.6937973123642944,80.9898,11368.541,11887.34,5,3.966277409385209
-0.35292285200527135,12923.07,0.45377998340638304,79.5488,11487.5915,12064.5838,6,2.3719160695945094
1.4599483404085416,13111.73,0.42559579542306547,81.0556,11609.8465,12288.635,7,2.2961280068342917
-0.6322582908586406,13028.83,1.8172277800107266,78.3247,11721.6775,12497.2138,1,3.5235624894655397
0.17306694582506574,13052.19,1.4322728793734822,78.5441,11844.304,12690.845,2,3.6364013126993493
4.474511862030397,13636.17,1.1731400573851878,83.1383,11992.793,12926.4325,3,5.894967495776558
-2.7116138267664813,13266.4,1.6377044563865466,72.5458,12109.8345,13095.9837,4,7.124293056109635
1.4269131037809888,13455.7,1.4111590182717175,74.3477,12230.0875,13180.3263,5,5.443375746246152
0.7759542617286802,13560.1,0.8166062089718118,75.3102,12343.4315,13254.2738,6,4.124500490127222
1.7027898024350827,13791.0,2.2787442570482517,77.3355,12464.5305,13362.765,7,5.07739618439392
-0.2139076209121891,13761.5,0.754115002537887,76.4724,12576.193,13443.9862,1,2.1173228917409905
-1.541402856812736,13549.37,0.4978385334727578,70.3888,12682.6335,13509.0537,2,4.613962586900116
3.4975124782005227,14023.53,0.31425212348971837,75.1479,12812.9155,13630.4712,3,5.764880664638081
0.8591274807412939,14144.01,0.819978992450544,76.1948,12944.86,13693.9512,4,5.2340601831350595
10.223479762811255,15590.02,1.131079517053506,84.5871,13158.395,13984.4037,5,11.71124737609773
-0.06478503555479957,15579.92,2.3731848964914706,84.3634,13369.381,14249.9312,6,5.093001805000892
-4.888532875308176,14818.3,1.1141898583626508,69.4475,13535.139,14407.2062,7,9.045611886574594
4.432357287948017,15475.1,1.1802973350519266,73.7566,13721.3205,14617.7188,1,6.384807973924141
-0.9479098681107101,15328.41,2.3579815316217645,71.3367,13892.2415,14813.5825,2,6.68467408934352
-0.20354361606977323,15297.21,0.8584712961096431,70.8045,14018.054,15032.0625,3,2.5282465696050727
2.5300692086988454,15684.24,1.835367364375597,73.4502,14153.84,15239.6513,4,4.525792611855363
3.874013739898309,16291.86,0.31139518944163824,76.9775,14322.2795,15508.1325,5,5.73862314104915
0.17708240623379398,16320.7,0.9777895082510535,77.1328,14482.728,15599.4675,6,3.238735932383367
-1.5293467417972022,16070.45,0.042585679937052284,72.5593,14634.809,15660.7838,7,4.025664152783938
-0.7004547728749231,15957.0,0.6872621278989625,70.5179,14780.0495,15803.1213,1,2.522035450877315
4.7413047565331805,16713.57,1.042990537068373,75.4735,14933.9195,15957.93,2,6.367111612458483
5.6620323722497545,17659.38,1.1933168512326793,79.9995,15153.5685,16249.3013,3,7.90291197074387
0.6610651110061506,17776.12,3.968485869832357,80.4784,15369.5895,16559.165,4,7.149061858343835
0.14101897034213953,17802.82,2.1205158133059556,80.5928,15581.7255,16823.9875,5,4.748351169298689
4.790592046985823,18655.67,0.8962068347637417,83.8497,15824.959,17119.4637,6,6.039383670330696
0.2580450115407304,18703.8,1.4049355530707688,84.0128,16072.074,17417.3512,7,3.5234347109670723
-1.5471187673093114,18414.43,0.24700862926250672,78.8578,16315.327,17710.3488,1,6.090420128530028
-0.24915987287850802,18368.0,1.9122531481686584,78.0304,16532.5505,18011.7238,2,4.159905462618416
4.3118443424192385,19160.01,1.409842438021336,81.5804,16783.3505,18317.5288,3,7.627227990402886
-2.30109603340292,18719.11,1.51356993736952,74.3755,16939.805,18449.995,4,4.956837160751563
-8.383857324416113,17149.47,1.048142431978906,55.562,17018.2825,18371.6638,5,14.568378472372464
-0.058019285727201636,17139.52,1.7968485323453016,55.4662,17134.3435,18288.7513,6,5.9450233739001686
3.385857138439617,17719.85,0.9372485709935048,59.8171,17246.581,18171.7738,7,5.921574278874627
2.6250237022456266,18184.99,0.987932170945097,62.9422,17389.41,18106.9225,1,4.7576614687265755
8.308331042067632,19695.87,0.9199340115479839,70.8676,17609.343,18267.1025,2,9.22832004399229
-4.726422341333487,18764.96,0.9754836927741756,62.0607,17763.379,18316.7225,3,9.580079478591202
2.3401595313819,19204.09,0.7349336209616214,64.3136,17908.9905,18322.2325,4,5.393030414133577
1.1342381410616895,19421.9,0.9169926390641912,65.4108,18064.0505,18410.0813,5,3.8054413437144565
-3.9738775039464844,18650.52,0.5388640091770603,58.5458,18193.054,18597.7125,6,4.951463108976563
2.6656107527354562,19147.66,0.1573147329483223,61.3604,18352.587,18848.73,7,3.629927546217235
1.105827030561445,19359.4,0.31648775881751895,62.5274,18484.8785,19053.6738,1,2.940307066242037
-0.9906155743137148,19166.9,0.32150969049010913,60.7316,18560.2545,19176.4125,2,2.6759586273230487
-4.397111687335984,18324.11,0.6675049173314342,53.4884,18587.654,19004.9425,3,5.71213915656679
1.185159879524835,18541.28,0.5363971292466639,54.9785,18624.577,18976.9825,4,5.400371423223282
-1.5460628683333244,18254.63,0.08645568889758391,52.5839,18604.525,18858.3,5,3.4851943958591916
-1.1957396434145438,18036.53,0.20772607329245413,50.772,18571.1615,18685.1288,6,3.9463571518958442
4.281089544385754,18808.69,0.7760361887791121,56.4885,18590.8745,18704.9,7,5.144892060723427
1.9475040526480203,19174.99,1.254792332693018,58.9253,18631.224,18708.3163,1,3.7210459633286583
0.5118646737234169,19273.14,0.39561950227875253,59.5785,18636.8805,18697.5338,2,1.8200791760517212
0.7924792813415676,19426.43,0.744901469308678,60.6315,18672.2465,18729.975,3,2.6979784358885093
9.827281698181292,21335.52,1.1555391289083972,70.8252,18881.549,19106.4012,4,11.743794407927762
6.850735299631785,22797.16,4.7003307161016,75.958,19164.431,19638.3862,5,12.045640321867008
1.360871863368877,23107.39,0.7798781865277057,76.8874,19433.808,20244.9812,6,4.102179439096554
3.09087266021823,23821.61,1.5140610860854498,78.909,19715.639,20968.1162,7,6.151581809975083
-1.536756557074244,23455.52,1.987272055613399,75.2747,19903.6215,21548.97,1,5.184370487288847
-3.1371266660243236,22719.71,2.759390745214135,68.4507,20101.359,21992.06,2,9.753644554761905
4.801565853340774,23810.79,0.11580166796654591,72.4404,20331.694,22559.2662,3,6.530404209881377
-2.427596900396847,23232.76,1.214617406646311,67.5656,20522.237,23035.0575,4,6.29966498381616
2.1384368977965735,23729.2,0.2807718017819069,69.4661,20776.171,23334.2675,5,4.696073025633618
4.144634895964807,24712.47,0.32614114633618796,72.8582,21054.4115,23573.6813,6,5.715624643105341
7.206564135434451,26493.39,1.5119492304897058,77.6922,21411.111,23996.9313,7,9.57828173387767
-0.7992179184249721,26281.66,7.279548868774858,75.9601,21766.849,24304.4375,1,10.274256984758468
3.0358571073080154,27079.41,1.600324790708612,77.9544,22204.614,24757.4238,2,5.323127944557282
1.1284584381792586,27385.0,0.0923210319866526,78.6839,22646.8,25340.585,3,5.650047157583139
5.442906700748589,28875.54,0.4398758444403839,81.8404,23177.8455,25973.6788,4,6.120138762096038
0.166507650936525,28923.63,1.3034210603780672,81.9333,23722.2005,26685.0375,5,5.021549373085534
1.4108187665241108,29331.69,0.9276498143559482,82.7406,24248.3505,27385.3488,6,3.3724328516164817
9.704960844410659,32178.33,3.8240879321689443,87.0784,24898.5175,28318.5813,7,14.842201440762045
2.5596360070797184,33000.05,5.525966972739372,88.0148,25584.863,29131.9137,1,8.749007426238752
-3.06466202323937,31988.71,1.8180275484430994,80.3017,26212.977,29845.295,2,16.575732461011423
6.1262748224040475,33949.53,1.283129752498851,83.3485,26843.6775,30704.06,3,13.941965785915803
8.305947092640169,36769.36,0.5003014769276586,86.5665,27542.2875,31877.105,4,10.754817518828682
7.24222559217783,39432.28,2.5366772769501593,88.773,28358.532,33196.6975,5,11.055400474743102
2.9172144384527536,40582.81,3.467167167776417,89.5702,29196.592,34654.095,6,13.821093677090559
-1.2288183199727152,40088.22,1.9539280596526591,86.7197,30028.227,35998.6612,7,6.553829111616145
-4.83483676750927,38150.02,3.147508170729453,76.452,30799.7425,36745.1225,1,15.562901021796428
-7.196719687171845,35404.47,0.3007075749894788,64.7556,31379.4265,37045.675,2,20.562872575165095
-3.838225920824901,34051.24,3.438625464800275,59.892,31920.3505,37303.4912,3,11.57005702001984
9.757159870363859,37371.38,1.4056738567629516,66.5334,32602.4595,37731.2225,4,16.06501190191238
4.744593322483683,39144.5,2.5567693780641765,69.4435,33324.061,38028.115,5,9.094579862986052
-6.138656555936213,36742.22,1.5392687892081889,61.6251,33836.5025,37691.8575,6,13.640902680046937
-2.020963360801224,35994.98,3.3006391573934257,59.3854,34322.1685,37118.3787,7,7.056018888637548
-0.46220334057694323,35828.61,2.382332202990519,58.8724,34759.6285,36585.9275,1,8.341440945376272
2.250607746157079,36631.27,2.3407124468143743,60.6391,35221.942,36396.0837,2,7.452423573600445
-1.9959609485545242,35891.49,3.3518775090477284,58.1594,35572.7395,36456.9612,3,5.477349145852033
-1.2080405682812658,35468.23,1.4299227284096494,56.73,35899.9695,36634.085,4,8.398738341159273
-13.020384721763678,30850.13,0.37151557887156134,44.0181,35975.8915,35818.9287,5,15.588598585269125
6.784586666856811,32945.17,2.8567363077713965,49.5419,36014.2335,35044.0125,6,16.130337135465165
-2.6464339908952956,32078.0,1.5356600910470408,47.4547,35968.131,34460.985,7,6.269620637329288
0.5670553026996741,32259.9,2.5285242222083624,47.9501,35981.6905,33994.1,1,6.767878296651911
-0.016274301018771243,32254.2,8.107856767551832,47.9348,35896.924,33547.2987,2,9.191105242029856
0.6621775341436315,32467.77,1.4079101040825919,48.5945,35681.8445,33026.8612,3,6.462757241772304
-6.462109887225875,30366.15,0.2873335733940523,42.8419,35228.538,32336.1937,4,10.213063635699964
9.889504017990804,33364.86,1.3804010843750159,51.639,34867.6405,32073.2725,5,12.982857955898455
2.649290431782605,34252.2,12.825692021560672,53.9,34575.8395,32498.5312,6,19.82877100279368
0.04847241802612881,34262.88,1.9567672751609886,53.9279,34381.4825,32663.245,7,6.155413084282439
-3.414510568139454,33092.98,0.23290504683055896,50.3319,34265.908,32790.1175,1,6.336359834211312
1.3096437098271974,33526.37,3.5986495016917317,51.619,34239.6645,32948.4262,2,7.316085561374506
5.815391491325774,35466.24,1.5457487508611394,56.9911,34144.4075,33349.9312,3,7.656780466323306
6.050172090037675,37618.87,0.12336243833638524,62.0296,34068.126,33993.8187,4,6.484562357936566
-1.8171059955460132,36936.66,2.8920852753276947,59.6449,34077.848,34815.1325,5,6.76848060061254
3.6646257849588317,38290.24,0.05382188151877513,62.7083,34192.611,35430.805,6,4.711093182516559
2.344309065817838,39186.94,4.618964243815246,64.6242,34360.5275,36047.6475,7,7.15491943967665
-0.983435598010362,38795.69,1.3245957671841484,63.1009,34468.7485,36614.2487,1,5.99525127096009
19.53613919484355,46374.87,1.081511889593907,75.2645,34992.9175,38274.485,2,22.697263536233013
0.09824288418336502,46420.42,3.7127227985162734,75.3172,35540.527,39886.2412,3,6.859535532829654
-3.4744192318811344,44807.58,1.9163549144966843,69.6619,36238.3995,41053.9087,4,7.718585915422567
7.056685498301849,47969.51,1.583191951004717,73.8132,36989.6165,42347.7387,5,10.455552386448911
-1.4198020123972712,47287.6,2.12042612822622,71.5397,37750.0965,43641.6062,6,5.545203889372782
-0.3054242079235639,47153.69,1.801021815863831,71.0767,38494.786,44749.5375,7,4.117433768551203
3.013373686668178,48577.79,2.395498590022473,73.0725,39310.9655,45923.3937,1,5.7112890235508065
-1.3778582216269266,47911.1,0.8860556515817921,70.6158,40083.132,47062.82,2,7.0813024246163065
2.5512876974229326,49133.45,3.247118099981013,72.445,41021.497,47407.6425,3,7.692497145755363
6.077855310384274,52119.71,1.015662445849007,76.3228,41959.2395,48120.0537,4,7.47299446710947
-1.0842196130410275,51552.6,0.7911520219534023,74.1876,42824.2595,48963.1812,5,3.1238925301150235
8.444557899202385,55906.0,0.8961718912000769,79.0361,43906.4155,49955.2425,6,10.974808065003891
-0.11592673416090879,55841.19,3.2097807033234345,78.7988,45043.826,51024.4412,7,6.862465567202087
2.8068527909236844,57408.57,1.6909202687120441,80.3364,46237.936,52306.3012,1,5.14890531523416
-5.790879488472429,54087.67,0.16742042435121124,68.9297,47169.0075,52995.0362,2,17.220110307277096
-9.607864417158288,48891.0,0.1773417120759653,55.6208,47732.614,53117.5238,3,17.177722760104103
1.6060215581599826,49676.2,3.4746476856681205,56.9726,48369.591,53185.3675,4,8.97158986316499
-5.238885977815126,47073.73,4.761876962835941,51.3857,48808.7655,52554.62,5,10.804749396139533
-1.6927912871998894,46276.87,2.868648819628267,49.7761,49163.262,51895.1537,6,9.171421087727701
-0.36832647317623207,46106.43,4.574897875569837,49.4196,49528.799,50670.2075,7,7.334115869522752
-2.099637621039702,45135.66,1.1599727310211982,47.3395,49466.8385,49332.0163,1,7.891909689619067
9.865974979898791,49587.03,0.4497042259169421,56.4012,49625.169,48354.3237,2,10.722422575741499
-2.3290499026529696,48440.65,1.2183299540121937,53.8321,49806.8225,47648.4463,3,6.356188512889008
3.9489964305924836,50349.37,4.729129474585438,57.3182,49925.8155,47830.7425,4,9.371609615123768
-3.9231473998582427,48374.09,2.8292508923150272,52.8691,49980.14,47667.9787,5,8.488447819704591
0.7806245037374401,48751.71,1.4413087667385602,53.6104,50060.041,47877.7262,6,6.509538474005404
0.2777412511711011,48882.2,0.6519400961827101,53.8804,50075.2615,48203.3925,7,4.369516692476902
4.274664397265268,50971.75,0.9784338675427842,58.0866,50228.294,48811.5575,1,5.253098264808052
2.778816192041026,52375.17,0.05418069507101003,60.6804,50390.38,49716.4963,2,6.1384706287060355
4.791047973486678,54884.5,0.020047663798005086,64.8669,50528.6195,50378.68,3,5.929507068042527
1.7802749428834803,55851.59,2.7992879046015324,66.3537,50743.569,51305.0475,4,7.986726845008822
3.4404929206133743,57773.16,0.6747166911452235,69.1477,50836.927,52233.0213,5,6.941933076569532
-0.9544745266616071,57221.72,0.5337427507414787,67.4175,50905.9535,53338.975,6,5.398130446409803
6.932105501197794,61188.39,1.145736269374637,72.7076,51094.9445,54893.56,7,10.076191348320178
-3.6282542535036875,58968.31,0.8766533776511218,66.2267,51338.9765,56154.3238,1,4.507408105918154
-5.7156732017455285,55605.2,2.8102071212600066,57.8189,51674.6865,56733.505,2,10.230300148806093
2.3299079942163736,56900.75,0.06751167157028637,59.9293,52035.914,57299.2025,3,6.594617050203946
3.536386345766335,58912.97,0.10853988893642164,63.0238,52627.876,57802.7613,4,8.52544272710689
-2.1469126407987877,57648.16,2.0657590340463226,59.8929,53196.4405,58027.3325,5,5.273830193928435
0.6748841970125468,58030.01,2.49473465068267,60.5304,53792.6195,58059.4388,6,5.546850332228799
0.12453901007426467,58102.28,3.063449411778494,60.6579,54440.9505,58169.5088,7,3.549594425367154
-1.288226751040704,57351.56,0.8417897274389954,58.543,54829.177,57689.905,1,5.402734801123989
-5.6987290319565815,54083.25,1.8816750581850006,50.3178,55111.307,57079.2725,2,8.206577118390513
0.4763766970365121,54340.89,2.7550304391840394,50.9034,55310.883,56921.2338,3,5.2343378032939984
-3.7523830203817274,52303.65,5.257734235262071,46.2602,55507.361,56346.5963,4,10.120935984159814
-1.9308017832786553,51293.78,1.880059636361961,44.1122,55634.4645,55394.1975,5,5.466997911809617
7.275365551144793,55025.59,0.09332515560366698,52.8288,55941.634,55066.3763,6,7.523056401770352
1.4385125175395719,55817.14,1.6051077326022334,54.4515,56183.9035,54789.7675,7,4.998328959307844
-0.0707847087830047,55777.63,1.330433626660199,54.351,56354.0265,54499.1863,1,3.346481027154031
3.330760618276316,57635.47,1.381108741583768,58.253,56491.575,54534.675,2,6.464614410969263
1.9278236002627558,58746.57,1.078207756127912,60.4314,56636.324,55117.59,3,3.984786449175562
-0.010247406784765134,58740.55,1.7931770314420064,60.413,56684.6935,55667.5475,4,5.1594501602391425
-0.03238027724462703,58720.44,1.2777441263504992,60.347,56759.6295,56469.6463,5,2.6465173496658005
0.39093705855456656,58950.01,2.128713250664799,60.8731,56647.7105,57426.675,6,3.0167173446388786
-3.219795891468041,57051.94,1.4278369079157054,54.4413,56551.892,57679.9688,7,4.939303657454852
2.015811904764,58202.01,0.5097809978449405,57.3798,56681.7325,57978.0775,1,3.6893568055079604
1.5944122891975654,59129.99,0.24399500979433875,59.6417,56793.1945,58397.1225,2,4.285470553336566
-1.9259938992041037,57991.15,0.6177068523096317,55.7325,56747.1035,58441.5825,3,3.5214279589764876
-3.511948519426532,55953.45,1.1466971132796469,49.483,56662.368,58092.4425,4,5.4871501187359275
3.796156232753508,58077.52,0.1354519042975747,55.1311,56664.7435,58009.5638,5,4.384556159549793
0.11195381620979009,58142.54,1.2954409899045287,55.2958,56666.7565,57937.3263,6,2.136627046058443
2.7975725178892126,59769.13,2.9769420157870656,59.3204,56787.635,58039.7163,7,6.191661700424212
0.3903352784288527,60002.43,1.1654343973218277,59.8783,57083.594,58408.5275,1,2.4535742782269097
-0.23133796009254,59860.0,2.168710040867479,59.3432,57359.5495,58615.7763,2,3.2490816482996383
6.206129935494494,63575.0,0.33874033766448886,67.5011,57923.117,59171.4025,3,6.636517434594473
-0.9681162456757822,62959.53,2.0117810441555544,65.1681,58506.4045,59792.45,4,5.588673914483064
0.31837912385941314,63159.98,1.0165577792591476,65.5853,58913.124,60693.2663,5,2.8272129731591074
-2.8878663507219984,61334.8,0.5729531653101418,58.6922,59189.007,61100.4263,6,5.5742245649612405
-2.1654098219265605,60006.66,1.9095844594611204,54.2259,59400.4585,61333.4413,7,4.769135177886749
-6.427052192697906,56150.01,0.8204587923309222,43.8025,59326.1855,60881.0513,1,15.944394181513482
-0.9205163097922914,55633.14,2.452003125199792,42.6201,59170.514,60334.89,2,5.886428159140125
1.4233602489451442,56425.0,1.170597237545819,45.0667,59054.7365,59905.515,3,6.733899974008296
-4.674116083296416,53787.63,0.5900044306601746,39.0886,58808.096,58682.0938,4,5.710039875941527
-3.898034529135149,51690.96,3.223529875462049,35.1022,58445.1435,57273.5225,5,9.33575421258647
-1.0946016662491165,51125.14,0.8529539503530144,34.0917,58148.8035,55769.1675,6,8.960659457796769
-2.0792572024254894,50047.84,0.10890117423875516,32.1917,57741.095,54358.2975,7,4.909122498364334
-0.727104306599434,49683.94,0.809245713701135,30.5233,57237.934,52990.8113,1,1.7040695462581374
10.056971359021865,54001.39,0.7239728076604267,45.7523,57038.446,52722.2338,2,11.419502734641537
2.0208718957862946,55011.97,0.8308811925017231,48.2539,56991.372,52644.5875,3,4.150418741644223
-0.3012980629488455,54846.22,2.5740397953390852,47.8641,56829.807,52447.24,4,4.753220071922523
-2.3542730284287603,53555.0,0.6374367025773572,44.8257,56600.43,52418.1613,5,5.223513083761626
7.729007562319105,57694.27,0.5017832135188184,54.7435,56496.687,53168.575,6,9.242815796844361
0.17872602247074623,57800.37,1.139915680556694,54.967,56386.584,54002.9788,7,2.603122332520181
-2.1093354626120395,56578.21,0.19666991652731183,51.7946,56222.4945,54819.275,1,3.2454256120739045
1.0448898966580955,57169.39,3.202734763082825,53.2016,55902.214,55832.1025,2,4.500743307361619
-6.943191102791192,53200.01,0.053542638814233594,43.9301,55414.238,55731.93,3,7.264919216384848
7.469629292708105,57179.27,1.6738072795721513,53.2862,55128.0445,56034.9475,4,9.716784402984302
-1.2601250354995575,56393.68,2.182710951444307,51.0297,54880.9885,56228.38,5,5.532854122799246
1.6332858575641804,57314.75,2.367729859090593,52.9266,54746.393,56698.3487,6,6.043886478059248
2.6983281482894155,58862.05,1.113049892795119,56.0093,54881.995,56844.3212,7,4.536295511038988
-1.0628960123859899,58240.84,0.7363607129552246,54.4671,55012.38,56899.38,1,5.20557267431934
-4.1632133333264685,55816.14,2.162005589549459,48.8169,54981.937,56804.1212,2,10.473751833550448
1.5298084030891377,56670.02,0.34472107888507425,50.7543,55126.0565,56741.7,3,4.465428816826102
-12.420500292747377,49631.32,2.3469022950759597,37.9891,55023.0745,56295.6137,4,16.587271365000404
0.2701406923894485,49670.97,3.4241372384160194,38.0835,54950.366,55324.9712,5,10.834676601298222
0.34129947060632815,49841.45,3.304784675124302,38.5172,54940.0465,54505.9425,6,5.401945404969247
-6.181606832174532,46762.99,1.717031644228725,33.8995,54824.8575,53186.9725,7,8.315919056515346
-0.7088725507072965,46431.5,6.4856845124745055,33.4347,54446.363,51633.1537,1,12.7675753838666
-6.222242612730614,43538.04,0.5582332457331208,29.6172,53872.6665,49795.3037,2,10.091147726433185
-1.5807792821079094,42849.78,5.193782353905861,28.7755,53272.8445,48174.5087,3,8.152116242309605
-14.375079638681932,36690.09,1.7155747357396063,22.5888,52429.599,45677.0175,4,31.703546669317795
10.513446099299086,40526.64,5.2494285029435845,32.3455,51571.2175,44538.9325,5,20.72924742366154
-8.07735594894953,37252.01,4.132248943193392,28.9872,50543.7995,42986.5625,6,21.49763395244315
0.652866690729628,37506.63,3.548714755919698,29.4634,49587.3755,41437.5975,7,9.737127767632265
-6.6399515086206895,34655.25,3.099784482758619,26.7347,48461.6685,39924.13,1,19.2877963362069
11.864703426385981,38796.29,3.2400903768701617,36.1689,47741.4825,38969.7287,2,16.980263795274936
-1.2529183099941454,38324.72,2.527067719736082,35.6066,46785.913,38318.0637,3,8.688647210493714
2.393207308494367,39241.91,4.172476667800825,37.6373,45928.3245,37867.08,4,7.933678315197078
-1.8142333504578654,38529.98,2.97951782175796,36.6706,44989.086,38097.0662,5,8.350432394745217
-7.439659340685009,35663.49,0.9027772911438695,32.9959,43829.158,37489.1725,6,10.884586266438175
-2.9629471767962277,34605.15,4.70192326296577,31.7316,42647.3735,37158.315,7,10.391570361442877
2.9941208172771834,35641.27,2.4468323356494714,34.3824,41638.63,36932.2575,1,8.98421188753697
4.524391112996554,37253.81,0.687938641899872,38.3919,40667.8195,37257.0775,2,9.385639003783826
-1.5051610814676273,36693.09,1.7206020751697355,37.5331,40020.908,36994.1775,3,5.982769015365398
2.381342340955207,37568.68,1.7885888619247652,39.7978,39415.7935,36899.6725,4,6.281535419820493
4.46677924270962,39246.79,0.6101092718722061,43.989,38886.0605,36900.2825,5,6.138091623128627
-6.1604544372812216,36829.0,0.10775406288108444,39.7005,38389.361,36687.66,6,9.513952482216371
-3.5731207481030767,35513.2,2.9754963120245743,37.5547,37843.446,36668.8737,7,8.48512659130064
0.7890512660888379,35796.31,1.9250159153307287,38.3271,37456.3595,36817.7687,1,3.5420585667276816
-6.267461646186429,33552.79,3.0832507596453445,34.6676,36991.51,36556.7087,2,10.056902513136132
-0.5249283606143151,33380.81,1.5229329474422084,34.3965,36826.046,36072.5837,3,9.142693497861552
12.00465537075205,37388.05,0.4395940181181935,45.1586,36669.1165,36159.4537,4,15.391991803671573
-1.9052344265079395,36675.72,2.9500067534947583,43.7836,36640.302,36047.8337,5,7.245630622618723
1.7835024591149515,37331.98,0.9499471479092364,45.432,36634.4145,35808.4825,6,4.753907196799823
-4.783753768216962,35546.11,0.3526467120147235,41.8368,36678.9575,35648.1212,7,7.669751242768255
9.77448452883183,39020.57,1.0111652129683921,50.1088,36690.1715,36086.5425,1,13.005638871415501
3.833184352044162,40516.29,1.4037727802983915,53.1949,36799.75,36676.54,2,5.981590218079912
-0.9187417995926526,40144.04,2.0083778668722823,52.3274,36844.8565,37500.4462,3,4.500906795984228
-4.470902106925604,38349.01,0.9549170731221172,48.2418,36835.808,38121.4712,4,6.0062325938251915
-0.6676314897389732,38092.97,3.157526923778971,47.6701,36957.282,38209.5862,5,5.723434770137415
-5.967321529405569,35819.84,0.28842592215832824,42.8183,37018.0165,38102.6012,6,8.06854913124389
-0.9401325722045097,35483.72,1.7769722795451002,42.1354,37010.139,37871.5687,7,4.61601854581514
0.3281504870402605,35600.16,1.5149482635980605,42.4777,36927.4565,37878.325,1,7.895789956633637
-11.211294777524934,31608.93,0.4208687767502283,34.8652,36673.2485,36951.87,2,12.636934037112745
2.8324052670136077,32509.56,2.4964161583494895,37.5834,36420.2925,35951.0287,3,14.214471255249233
3.5943580903586465,33678.07,3.7002346386724407,41.0224,36141.8565,35142.7825,4,9.837106377324085
2.9339805381250783,34663.09,1.8854006836511505,43.8319,36033.561,34682.0425,5,8.942609473417576
-8.881582363713788,31584.45,2.414442109587487,37.7752,35837.1235,33868.4775,6,12.188761067972031
2.24080942257259,32283.65,1.4135695711533587,39.8094,35661.4905,33426.4537,7,8.167572362505934
7.485801636432048,34700.34,0.15072645131515022,46.3392,35718.868,33328.5312,1,8.597385983307337
-0.5982279657742097,34494.89,1.715208332312757,45.8835,35774.572,33190.3725,2,4.135121139722245
4.107390978779766,35911.73,1.995281040177246,49.567,35700.756,33728.2225,3,6.883831199345758
-2.413473929959359,35045.0,0.5242856649584002,47.4398,35619.22,34045.1525,4,5.798803287617516
-4.3952346982451065,33504.69,0.03586816949636099,43.8389,35427.8555,34023.48,5,6.695876729918675
0.848358905186598,33786.55,0.5685873191506321,44.6666,35339.8775,33913.9125,6,3.81477944966813
2.6122532819282367,34669.13,0.8183140386674788,47.2863,35122.3055,34299.4975,7,4.821091476073009
1.7808066659897896,35286.51,1.9652647658780968,49.1016,34860.8165,34674.855,1,4.645921211729623
-4.528406577509203,33690.14,0.01601104960790344,44.8051,34538.1215,34548.58,2,6.144360724130172
1.5727445559013558,34220.01,2.668049860270718,46.4791,34331.6715,34514.22,3,4.710219455835006
-1.045878991303904,33862.12,2.451985708950491,45.4758,34120.129,34258.0187,4,3.744357834974964
-2.9129903600218694,32875.71,0.19942643857691925,42.7377,33972.9225,33986.8575,5,5.471129826227602
2.859558014108284,33815.81,0.8644376045414756,46.0705,33889.527,34025.7475,6,5.593582617683391
-0.9254251191971893,33502.87,1.3194715726164843,45.1289,33784.6625,33990.2875,7,3.717846770489902
2.256881276141403,34258.99,1.2148511455884288,47.8996,33917.1655,33939.02,1,4.057950856150529
-3.4220788697860494,33086.63,1.2242914270702598,44.175,33946.019,33664.035,2,5.896523541259232
-1.0794893695216357,32729.77,0.7648334962374812,43.0769,33898.604,33543.9887,3,3.4386679457211815
0.2777343234404036,32820.02,0.8983131841002814,43.4597,33806.4505,33368.99,4,4.778710823877938
-2.8641960412589476,31880.0,1.1127960577732596,40.4116,33821.228,33121.225,5,6.25304120684838
-1.5392246275940495,31383.87,1.175516847485242,38.8624,33776.239,32934.745,6,3.85631268139506
0.4340128970751179,31520.07,1.3887711709139618,39.5476,33617.2255,32647.7775,7,2.5223474741475296
0.8200806660645158,31778.56,2.08260958811322,40.9012,33481.409,32432.2387,1,4.2069386267225894
-2.9545696990141415,30839.65,0.37896607682472905,37.6072,33227.805,32004.8212,2,4.693603267862592
-3.402438095114578,29790.35,0.7244569896221204,34.2841,32965.0725,31592.7862,3,5.788230411175223
7.902460999102388,32144.51,2.3950381230962843,45.8459,32897.0635,31519.6287,4,11.330484982715872
0.44586151725443424,32287.83,0.9442358897366823,46.4634,32822.1275,31453.105,5,2.7480586887154246
4.170365199249973,33634.09,0.04927591352465404,52.0004,32770.3755,31672.3662,6,5.344717690207814
1.8553789160405687,34258.14,0.7190916361668681,54.357,32718.957,32031.65,7,3.2671009481448903
3.2675442500928726,35381.02,0.04955998728603381,58.322,32803.501,32514.2687,1,4.514920679211153
5.2473897021623515,37237.6,9.362081703693114,63.9051,32954.3805,33196.6487,2,15.104765210273763
5.951828251031853,39457.87,0.22754289387623364,69.2161,33234.168,34273.9262,3,8.484149196604957
1.4267571390446294,40019.56,2.2314131903374426,70.4025,33591.3605,35552.5775,4,5.393266172638754
-0.007721222391936014,40016.48,1.5503165076486336,70.3865,33901.394,36536.5737,5,3.598239561294637
5.467172799373501,42206.37,0.2757225472525238,74.7806,34336.569,37776.3912,6,10.004075616046473
-1.7640232419948054,41461.83,0.5725203500135985,70.9272,34696.711,38754.8587,7,3.430407170862397
-3.8985245227900993,39845.44,2.7426665097352254,63.3011,35034.6515,39453.2712,1,7.662443345495516
-1.762723314045293,39147.82,1.5802653281897596,60.2882,35355.554,39924.1212,2,4.4918390766235765
-2.400728947353626,38207.05,1.6173455546626203,56.3904,35624.9055,40045.3025,3,5.461408654487234
3.9682215633558613,39723.18,0.645116711475171,60.7901,36017.0645,40078.4662,4,6.441483035587174
2.8680742246905293,40862.46,1.2273441419705449,63.7497,36490.994,40183.8287,5,10.113241214132715
4.831843212572134,42836.87,1.3595853015212438,68.2258,37056.834,40536.3775,6,8.659708691057757
4.051813309422463,44572.54,0.29754741651292244,71.5514,37696.533,40832.1487,7,5.26086523128323
-1.7458506964153224,43794.37,1.6545164354555497,68.1096,38344.269,41123.7162,1,4.5970007542760625
5.6149695988250565,46253.4,0.4583923591987644,72.5956,39167.4215,41924.7112,2,8.391834016983012
-1.4354512877828252,45584.99,0.9754400485892896,69.7245,39839.4455,42729.3575,3,4.563441225699138
-0.16233410112975757,45511.0,2.541340353186358,69.3973,40500.604,43642.3512,4,3.07629702753099
-2.4426579525197023,44399.0,1.554470632930705,64.4986,41038.8495,44226.8287,5,5.379222059354439
7.657512174533103,47800.0,0.1936934319458127,71.1957,41715.9425,45094.0212,6,8.26262396942707
-1.5302932071743027,47068.51,0.71968634303062,68.215,42300.317,45622.9762,7,4.545963294134583
-0.20115363778323145,46973.82,0.6453785440368757,67.8192,42787.128,45923.1362,1,3.9777558239586916
-2.283250542536244,45901.29,2.2991743060283407,63.3364,43109.299,46186.5012,2,5.096093951907683
-2.6259604847793105,44695.95,2.7421881297479525,58.6449,43343.1185,45991.82,3,6.06518769620904
0.020896747915647357,44705.29,2.896705406194519,58.6705,43577.559,45881.8575,4,4.019872046572455
4.611362531507714,46760.62,0.6093598187177971,63.9483,43805.2715,46038.06,5,6.947077777606267
5.4786484866967085,49322.47,0.12942514449123385,69.2239,44198.3035,46653.4937,6,5.902402491669272
-1.0149532251730267,48821.87,0.8810791511455118,67.1559,44647.125,46781.2275,7,3.112252894066337
0.8548216496374245,49239.22,0.5341457559602352,68.0138,45151.695,47052.5662,1,2.969979853295285
0.5069739122593684,49488.85,2.0535459335058546,68.5431,45715.785,47366.945,2,2.9874559345172402
-3.6671694735278684,47674.01,0.7499669117387077,60.6815,46113.3265,47588.535,3,4.566685223035088
2.725405309937212,48973.32,0.6103535238592331,63.876,46518.8695,48123.2062,4,4.484665753940153
-4.34818386827766,46843.87,0.7749525660094043,55.8651,46719.2195,48390.5287,5,6.335776296154716
4.7520422100142925,49069.9,0.1708441618602712,61.3254,46944.0875,48679.1887,6,5.98142424642205
-0.355717048536889,48895.35,0.4668849946708645,60.6913,47199.1365,48625.7987,7,1.9403340948320715
-0.2608018962948354,48767.83,1.507137181756544,60.2016,47324.858,48619.0437,1,3.823942358526927
-3.660055479184629,46982.91,0.24764270880154646,53.6733,47394.754,48337.005,2,4.174082756177023
0.2511125854060464,47100.89,2.437524623315161,54.0281,47474.2485,48038.51,3,3.29079233278654
3.6297190987261545,48810.52,0.7334893247240195,58.9368,47694.8245,48180.5737,4,5.613482038237494
0.8935165807527875,49246.64,2.465637011373161,60.107,47767.1565,48214.7387,5,3.8230905597995175
1.5280436448138728,49999.14,2.032342111531288,62.1132,47913.688,48609.1475,6,5.448413424431283
-0.16472658906356372,49915.64,1.0754230169206815,61.7421,48060.779,48714.865,7,2.331473258930362
3.6847569010812564,51756.88,0.28671284682699233,66.495,48353.5585,49072.5562,1,4.908094429332856
1.7524626677651436,52663.9,0.22431800371274033,68.5667,48751.956,49559.565,2,3.4984141238807256
-11.017445724202608,46863.73,0.48190300420384025,48.0895,48859.878,49544.6675,3,19.133618905483967
-1.7501280709012503,46048.31,1.00796759960886,46.0092,48824.2625,49413.095,4,6.24932657429062
0.753187250520164,46395.14,2.18212134169528,47.0583,48677.896,49111.1725,5,4.09763137887145
-3.328430520955419,44850.91,1.3748422787386794,43.0477,48479.348,48561.7062,6,6.25218503489805
0.7392367011431313,45173.69,1.81578959105485,44.1198,48276.0715,47958.525,7,2.822586759793229
1.8850799846282118,46025.24,0.9624188244128041,46.9565,48102.891,47472.225,1,3.8029666832545024
-2.3563163073818427,44940.73,1.1458497871710742,43.8999,47966.227,46620.2062,2,6.78323606421956
4.83036319845342,47111.52,0.3081392554458478,50.803,47873.137,45926.1587,3,5.9090286047931535
2.1614842957857814,48121.41,0.8037444526156066,53.6598,47937.014,46083.3687,4,3.858924474049366
-0.7971089785417751,47737.82,0.905210571596002,52.4148,47870.41,46294.5575,5,3.1917192766627767
-0.9171556047501854,47299.98,0.8634455581435394,50.9613,47790.6415,46407.6625,6,3.038346333859895
2.0988592384182714,48292.74,1.1637637056083303,54.0712,47766.887,46837.8912,7,3.821650664545734
-2.1763101086602026,47241.75,0.16582199191390373,50.4254,47779.829,47096.3987,1,3.1964425301934587
-8.94575243296448,43015.62,0.22331941555933046,39.0296,47575.5655,46720.1962,2,10.26052167838829
-5.305528279289136,40734.38,1.4467889635266737,34.4975,47171.7585,46194.4025,3,9.38938978032687
6.897220485347787,43543.61,1.1217631227308682,43.2384,46886.607,45748.4137,4,8.433133034271794
3.0287025072353893,44865.26,0.25889643614381164,46.8331,46629.913,45341.395,5,4.383626006025309
-4.579690388509957,42810.57,0.7461006578363705,42.3435,46274.6595,44725.4887,6,10.085754545944903
-0.32688181286028434,42670.64,0.365003230509829,42.0479,45820.3475,44146.8212,7,3.084658044810413
1.1489635845545383,43160.9,1.8492813441001423,43.5353,45345.1975,43505.3412,1,7.499303385021501
-2.3483059899121725,42147.35,2.75503986246811,41.182,45109.3785,42868.5412,2,5.217685451415517
-2.6592656477809347,41026.54,1.5185533610060866,38.6913,44858.29,42619.9062,3,4.506522948655129
1.2169893438173367,41524.28,2.597732456372347,40.4148,44614.747,42718.6437,4,4.475611340496937
5.538469170695026,43824.1,0.7640588195487606,47.7269,44563.4065,42753.705,5,6.577355085421098
9.862161145102426,48141.61,0.8064580542085668,58.1178,44711.8025,43163.2487,6,11.894041101314219
-1.0525200658058667,47634.9,0.4050343154361259,56.6934,44792.2855,43766.29,7,1.8827999069411825
1.1863573107862802,48200.01,2.049569128846519,57.9317,44955.2495,44457.4612,1,4.384013482554488
2.126410347217771,49224.94,0.6456015258088126,60.1569,45060.9205,45215.4662,2,5.48779969132787
4.564882062808414,51471.99,0.8416670170988662,64.5804,45228.4495,46381.0462,3,5.817986942795046
7.466216091509192,55315.0,0.845119840907647,70.5934,45607.3085,48167.1037,4,10.428176567488446
-2.7655789568833025,53785.22,0.03129350085871404,65.8044,45931.5705,49699.7212,5,3.493283919370872
0.3090254162760683,53951.43,3.9947219700876926,66.0737,46214.505,50965.6375,6,4.615375748207406
1.8423457627344875,54949.72,0.99948717159846,67.7181,46599.9035,51816.6512,7,3.386724694550178
-0.5290654802244691,54659.0,2.932844789745965,66.7041,47182.0725,52694.6637,1,4.515600807429042
5.14524503828371,57471.35,0.6726978772575689,71.1971,48018.921,53853.5812,2,6.264255426506998
-2.5654869774244005,55996.93,0.36305045905481853,66.1568,48641.587,54700.08,3,6.613730145542084
2.4467242924654173,57367.0,0.7321832579690557,68.3958,49266.674,55436.9562,4,6.446444991339696
-0.03989832463640393,57347.94,2.024914054755699,68.328,49993.5425,55691.0737,5,2.9884350636028763
7.540776530072389,61672.42,2.1981260355646635,74.498,50943.6315,56676.9737,6,10.607181356470694
-1.2920686426769026,60875.57,1.144758062031618,71.7252,51829.365,57542.4912,7,3.613316941349145
1.0722856475922968,61528.33,0.3122106289928746,72.6241,52798.414,58364.8175,1,4.169767938107196
0.7825989723106317,62009.84,1.1148362250098856,73.2984,53847.579,59283.6725,2,4.634174962033747
3.669007315468277,64280.59,0.33127652986182454,76.2673,54985.3945,60134.8275,3,5.10241010489375
2.677044501302815,66001.41,1.553486052321543,78.2417,56094.26,61385.3875,4,5.473814101581829
-5.7699533646255885,62193.15,0.9671613026390518,65.2955,56796.837,61988.6562,5,7.029759974788422
-2.419768093431512,60688.22,2.4749349405842893,61.0,57449.503,62406.1912,6,6.0012879231876815
0.986220886652975,61286.75,0.7594388565954212,62.0688,58103.84,62357.9825,7,3.601176043526064
-0.7090113278971374,60852.22,0.3479544926105561,60.7668,58685.204,62355.0637,1,3.2460034183571533
3.658962647541861,63078.78,1.0383351667367247,64.837,59265.5435,62548.87,2,5.029611080746105
-4.359580194797682,60328.81,0.3403680286777968,56.9752,59516.234,62338.7412,3,5.510458509184865
-3.174884437468591,58413.44,1.93471411088666,52.2252,59747.645,61605.3475,4,5.739513177866432
3.7019733814683695,60575.89,3.292238909401673,56.6222,60078.868,60927.1575,5,7.572538100820628
2.769764873489288,62253.71,1.1989751699933486,59.7198,60444.0675,60934.7275,6,4.630868051485826
-0.6337133375204924,61859.19,0.16954815537068949,58.659,60804.077,61081.0987,7,2.708674343854261
-0.9042957077194179,61299.8,0.8828275960289822,57.1101,60995.4995,61082.73,1,3.97667670721198
-0.6340965820285529,60911.11,1.8563352806476894,56.0036,61241.2085,61090.0912,2,4.947388907078175
3.79055581312574,63219.99,1.7238395879110449,60.8555,61533.858,61107.7425,3,5.98465436196215
-0.5126337835928979,62896.48,0.4419922186718663,59.8594,61811.285,61428.7012,4,3.222701092381805
-2.387223833953208,61395.01,0.3017974452946416,55.3325,61797.4145,61801.3975,5,3.830579417070803
-0.7458097978972549,60937.12,1.9557126873991864,53.9916,61800.492,61846.5512,6,3.0535380644127286
0.870410950541991,61470.61,0.14748889812927593,55.3493,61797.606,61748.6637,7,2.478643811029108
2.9330597283710396,63273.59,0.020757884010283348,59.68,61860.7935,61925.4637,1,3.1943227512590564
6.720419486300601,67525.83,0.41592399228872184,67.6493,62023.0555,62703.7175,2,7.136343478589323
-0.8562058187520025,66947.66,1.478589967511676,65.7465,62070.368,63458.2862,3,3.408844202114103
-3.0848571727738965,64882.43,3.065573454610148,59.3272,62204.832,63666.0912,4,9.226758750528582
-0.1667015502812568,64774.26,1.1060777326123297,59.0023,62409.134,63900.8137,5,2.31198219795132
-1.0066037044041372,64122.23,1.0443193089846614,56.9765,62550.908,64241.7162,6,4.898088360729761
0.4020135297873324,64380.0,0.9669035164409466,57.5964,62727.297,64672.0762,7,2.557272658370217
1.769322496222036,65519.1,0.048788436037826365,60.3171,62849.313,65178.1375,1,3.066541928154404
-2.9187972791449743,63606.74,1.3472557853731626,54.0473,63013.2095,65219.7812,2,4.581594591257431
-5.5778059963151705,60058.87,0.01663346001279184,44.7531,63095.481,64286.4112,3,7.886445349415065
0.47619943565371775,60344.87,0.8247907428161745,45.5657,63083.93,63461.0625,4,4.108019348349383
-5.722508926195202,56891.62,1.0458885810655612,38.2499,62815.8255,62462.2112,5,7.460022278616601
